source,target,ligand,receptor,prob,pval,interaction_name,interaction_name_2,pathway_name,annotation,evidence
APOE+ FIB,APOE+ FIB,FGF7,FGFR1,0.006276293379386686,0.0,FGF7_FGFR1,FGF7 - FGFR1,FGF,Secreted Signaling,PMC: 4393358
APOE+ FIB,FBN1+ FIB,FGF7,FGFR1,0.009362611462177496,0.0,FGF7_FGFR1,FGF7 - FGFR1,FGF,Secreted Signaling,PMC: 4393358
APOE+ FIB,COL11A1+ FIB,FGF7,FGFR1,0.0073860330912081315,0.0,FGF7_FGFR1,FGF7 - FGFR1,FGF,Secreted Signaling,PMC: 4393358
APOE+ FIB,Inflam. FIB,FGF7,FGFR1,0.008251458464155589,0.0,FGF7_FGFR1,FGF7 - FGFR1,FGF,Secreted Signaling,PMC: 4393358
FBN1+ FIB,APOE+ FIB,FGF7,FGFR1,0.004854737515847603,0.0,FGF7_FGFR1,FGF7 - FGFR1,FGF,Secreted Signaling,PMC: 4393358
FBN1+ FIB,FBN1+ FIB,FGF7,FGFR1,0.007247114655375129,0.0,FGF7_FGFR1,FGF7 - FGFR1,FGF,Secreted Signaling,PMC: 4393358
FBN1+ FIB,COL11A1+ FIB,FGF7,FGFR1,0.005714570969373696,0.0,FGF7_FGFR1,FGF7 - FGFR1,FGF,Secreted Signaling,PMC: 4393358
FBN1+ FIB,Inflam. FIB,FGF7,FGFR1,0.0063854101114626674,0.0,FGF7_FGFR1,FGF7 - FGFR1,FGF,Secreted Signaling,PMC: 4393358
COL11A1+ FIB,APOE+ FIB,FGF7,FGFR1,0.003575889061258073,0.0,FGF7_FGFR1,FGF7 - FGFR1,FGF,Secreted Signaling,PMC: 4393358
COL11A1+ FIB,FBN1+ FIB,FGF7,FGFR1,0.005341442197029117,0.0,FGF7_FGFR1,FGF7 - FGFR1,FGF,Secreted Signaling,PMC: 4393358
COL11A1+ FIB,COL11A1+ FIB,FGF7,FGFR1,0.004210181052677267,0.0,FGF7_FGFR1,FGF7 - FGFR1,FGF,Secreted Signaling,PMC: 4393358
COL11A1+ FIB,Inflam. FIB,FGF7,FGFR1,0.004705254105772193,0.0,FGF7_FGFR1,FGF7 - FGFR1,FGF,Secreted Signaling,PMC: 4393358
LC,LC,VEGFA,FLT1,0.00235482345702225,0.0,VEGFA_VEGFR1,VEGFA - VEGFR1,VEGF,Secreted Signaling,KEGG: hsa04370; PMID: 16633338
Inflam. FIB,Inflam. DC,CCL19,CCR7,0.05204446219623319,0.0,CCL19_CCR7,CCL19 - CCR7,CCL,Secreted Signaling,KEGG: hsa04060
APOE+ FIB,cDC2,CXCL12,CXCR4,0.021125356773015087,0.0,CXCL12_CXCR4,CXCL12 - CXCR4,CXCL,Secreted Signaling,KEGG: hsa04060
APOE+ FIB,LC,CXCL12,CXCR4,0.12117878204621134,0.0,CXCL12_CXCR4,CXCL12 - CXCR4,CXCL,Secreted Signaling,KEGG: hsa04060
APOE+ FIB,Inflam. DC,CXCL12,CXCR4,0.0927369624457097,0.0,CXCL12_CXCR4,CXCL12 - CXCR4,CXCL,Secreted Signaling,KEGG: hsa04060
APOE+ FIB,CD40LG+ TC,CXCL12,CXCR4,0.04941751743493797,0.0,CXCL12_CXCR4,CXCL12 - CXCR4,CXCL,Secreted Signaling,KEGG: hsa04060
FBN1+ FIB,cDC2,CXCL12,CXCR4,0.014659804465674213,0.0,CXCL12_CXCR4,CXCL12 - CXCR4,CXCL,Secreted Signaling,KEGG: hsa04060
FBN1+ FIB,LC,CXCL12,CXCR4,0.08680679559558992,0.0,CXCL12_CXCR4,CXCL12 - CXCR4,CXCL,Secreted Signaling,KEGG: hsa04060
FBN1+ FIB,Inflam. DC,CXCL12,CXCR4,0.06582811879774743,0.0,CXCL12_CXCR4,CXCL12 - CXCR4,CXCL,Secreted Signaling,KEGG: hsa04060
FBN1+ FIB,CD40LG+ TC,CXCL12,CXCR4,0.03459902457474177,0.0,CXCL12_CXCR4,CXCL12 - CXCR4,CXCL,Secreted Signaling,KEGG: hsa04060
Inflam. FIB,cDC2,CXCL12,CXCR4,0.006253714026119109,0.0,CXCL12_CXCR4,CXCL12 - CXCR4,CXCL,Secreted Signaling,KEGG: hsa04060
Inflam. FIB,LC,CXCL12,CXCR4,0.03865373100629173,0.0,CXCL12_CXCR4,CXCL12 - CXCR4,CXCL,Secreted Signaling,KEGG: hsa04060
Inflam. FIB,Inflam. DC,CXCL12,CXCR4,0.0289434111449669,0.0,CXCL12_CXCR4,CXCL12 - CXCR4,CXCL,Secreted Signaling,KEGG: hsa04060
Inflam. FIB,CD40LG+ TC,CXCL12,CXCR4,0.014932842439294698,0.0,CXCL12_CXCR4,CXCL12 - CXCR4,CXCL,Secreted Signaling,KEGG: hsa04060
APOE+ FIB,FBN1+ FIB,CXCL12,ACKR3,0.0376164125587348,0.0,CXCL12_ACKR3,CXCL12 - ACKR3,CXCL,Secreted Signaling,KEGG: hsa04060
FBN1+ FIB,FBN1+ FIB,CXCL12,ACKR3,0.026238956979092145,0.0,CXCL12_ACKR3,CXCL12 - ACKR3,CXCL,Secreted Signaling,KEGG: hsa04060
Inflam. FIB,FBN1+ FIB,CXCL12,ACKR3,0.011269191511361633,0.0,CXCL12_ACKR3,CXCL12 - ACKR3,CXCL,Secreted Signaling,KEGG: hsa04060
APOE+ FIB,cDC2,MIF,CD74_CXCR4,0.060697559305719344,0.0,MIF_CD74_CXCR4,MIF - (CD74+CXCR4),MIF,Secreted Signaling,PMID: 29637711; PMID: 24760155
APOE+ FIB,LC,MIF,CD74_CXCR4,0.14242454908112256,0.0,MIF_CD74_CXCR4,MIF - (CD74+CXCR4),MIF,Secreted Signaling,PMID: 29637711; PMID: 24760155
APOE+ FIB,Inflam. DC,MIF,CD74_CXCR4,0.12331931245663945,0.0,MIF_CD74_CXCR4,MIF - (CD74+CXCR4),MIF,Secreted Signaling,PMID: 29637711; PMID: 24760155
APOE+ FIB,CD40LG+ TC,MIF,CD74_CXCR4,0.030976466512847908,0.0,MIF_CD74_CXCR4,MIF - (CD74+CXCR4),MIF,Secreted Signaling,PMID: 29637711; PMID: 24760155
FBN1+ FIB,cDC2,MIF,CD74_CXCR4,0.058573267118942535,0.0,MIF_CD74_CXCR4,MIF - (CD74+CXCR4),MIF,Secreted Signaling,PMID: 29637711; PMID: 24760155
FBN1+ FIB,LC,MIF,CD74_CXCR4,0.13785977531201346,0.0,MIF_CD74_CXCR4,MIF - (CD74+CXCR4),MIF,Secreted Signaling,PMID: 29637711; PMID: 24760155
FBN1+ FIB,Inflam. DC,MIF,CD74_CXCR4,0.11928170017956909,0.0,MIF_CD74_CXCR4,MIF - (CD74+CXCR4),MIF,Secreted Signaling,PMID: 29637711; PMID: 24760155
FBN1+ FIB,CD40LG+ TC,MIF,CD74_CXCR4,0.02985928663641483,0.0,MIF_CD74_CXCR4,MIF - (CD74+CXCR4),MIF,Secreted Signaling,PMID: 29637711; PMID: 24760155
COL11A1+ FIB,cDC2,MIF,CD74_CXCR4,0.028192505816916135,0.0,MIF_CD74_CXCR4,MIF - (CD74+CXCR4),MIF,Secreted Signaling,PMID: 29637711; PMID: 24760155
COL11A1+ FIB,LC,MIF,CD74_CXCR4,0.0693856878113074,0.0,MIF_CD74_CXCR4,MIF - (CD74+CXCR4),MIF,Secreted Signaling,PMID: 29637711; PMID: 24760155
COL11A1+ FIB,Inflam. DC,MIF,CD74_CXCR4,0.059399465100790874,0.0,MIF_CD74_CXCR4,MIF - (CD74+CXCR4),MIF,Secreted Signaling,PMID: 29637711; PMID: 24760155
COL11A1+ FIB,CD40LG+ TC,MIF,CD74_CXCR4,0.014148060383142475,0.0,MIF_CD74_CXCR4,MIF - (CD74+CXCR4),MIF,Secreted Signaling,PMID: 29637711; PMID: 24760155
Inflam. FIB,cDC2,MIF,CD74_CXCR4,0.07072736167325998,0.0,MIF_CD74_CXCR4,MIF - (CD74+CXCR4),MIF,Secreted Signaling,PMID: 29637711; PMID: 24760155
Inflam. FIB,LC,MIF,CD74_CXCR4,0.1636068587811285,0.0,MIF_CD74_CXCR4,MIF - (CD74+CXCR4),MIF,Secreted Signaling,PMID: 29637711; PMID: 24760155
Inflam. FIB,Inflam. DC,MIF,CD74_CXCR4,0.14213109791432352,0.0,MIF_CD74_CXCR4,MIF - (CD74+CXCR4),MIF,Secreted Signaling,PMID: 29637711; PMID: 24760155
Inflam. FIB,CD40LG+ TC,MIF,CD74_CXCR4,0.03628480466505572,0.0,MIF_CD74_CXCR4,MIF - (CD74+CXCR4),MIF,Secreted Signaling,PMID: 29637711; PMID: 24760155
cDC1,cDC2,MIF,CD74_CXCR4,0.07815202737379892,0.0,MIF_CD74_CXCR4,MIF - (CD74+CXCR4),MIF,Secreted Signaling,PMID: 29637711; PMID: 24760155
cDC1,LC,MIF,CD74_CXCR4,0.17890452934120385,0.0,MIF_CD74_CXCR4,MIF - (CD74+CXCR4),MIF,Secreted Signaling,PMID: 29637711; PMID: 24760155
cDC1,Inflam. DC,MIF,CD74_CXCR4,0.155794765651259,0.0,MIF_CD74_CXCR4,MIF - (CD74+CXCR4),MIF,Secreted Signaling,PMID: 29637711; PMID: 24760155
cDC1,CD40LG+ TC,MIF,CD74_CXCR4,0.04025044069776817,0.0,MIF_CD74_CXCR4,MIF - (CD74+CXCR4),MIF,Secreted Signaling,PMID: 29637711; PMID: 24760155
cDC2,cDC2,MIF,CD74_CXCR4,0.0845514051360684,0.0,MIF_CD74_CXCR4,MIF - (CD74+CXCR4),MIF,Secreted Signaling,PMID: 29637711; PMID: 24760155
cDC2,LC,MIF,CD74_CXCR4,0.19183706840855852,0.0,MIF_CD74_CXCR4,MIF - (CD74+CXCR4),MIF,Secreted Signaling,PMID: 29637711; PMID: 24760155
cDC2,Inflam. DC,MIF,CD74_CXCR4,0.16739733559873404,0.0,MIF_CD74_CXCR4,MIF - (CD74+CXCR4),MIF,Secreted Signaling,PMID: 29637711; PMID: 24760155
cDC2,CD40LG+ TC,MIF,CD74_CXCR4,0.043693395579786284,0.0,MIF_CD74_CXCR4,MIF - (CD74+CXCR4),MIF,Secreted Signaling,PMID: 29637711; PMID: 24760155
LC,cDC2,MIF,CD74_CXCR4,0.09341528176827138,0.0,MIF_CD74_CXCR4,MIF - (CD74+CXCR4),MIF,Secreted Signaling,PMID: 29637711; PMID: 24760155
LC,LC,MIF,CD74_CXCR4,0.2093757577271653,0.0,MIF_CD74_CXCR4,MIF - (CD74+CXCR4),MIF,Secreted Signaling,PMID: 29637711; PMID: 24760155
LC,Inflam. DC,MIF,CD74_CXCR4,0.18320815627154635,0.0,MIF_CD74_CXCR4,MIF - (CD74+CXCR4),MIF,Secreted Signaling,PMID: 29637711; PMID: 24760155
LC,CD40LG+ TC,MIF,CD74_CXCR4,0.0485008886077669,0.0,MIF_CD74_CXCR4,MIF - (CD74+CXCR4),MIF,Secreted Signaling,PMID: 29637711; PMID: 24760155
Inflam. DC,cDC2,MIF,CD74_CXCR4,0.06086557734869942,0.0,MIF_CD74_CXCR4,MIF - (CD74+CXCR4),MIF,Secreted Signaling,PMID: 29637711; PMID: 24760155
Inflam. DC,LC,MIF,CD74_CXCR4,0.14278440765098746,0.0,MIF_CD74_CXCR4,MIF - (CD74+CXCR4),MIF,Secreted Signaling,PMID: 29637711; PMID: 24760155
Inflam. DC,Inflam. DC,MIF,CD74_CXCR4,0.12363785807623068,0.0,MIF_CD74_CXCR4,MIF - (CD74+CXCR4),MIF,Secreted Signaling,PMID: 29637711; PMID: 24760155
Inflam. DC,CD40LG+ TC,MIF,CD74_CXCR4,0.03106493395773053,0.0,MIF_CD74_CXCR4,MIF - (CD74+CXCR4),MIF,Secreted Signaling,PMID: 29637711; PMID: 24760155
TC,cDC2,MIF,CD74_CXCR4,0.08020333133983455,0.0,MIF_CD74_CXCR4,MIF - (CD74+CXCR4),MIF,Secreted Signaling,PMID: 29637711; PMID: 24760155
TC,LC,MIF,CD74_CXCR4,0.1830751566056403,0.0,MIF_CD74_CXCR4,MIF - (CD74+CXCR4),MIF,Secreted Signaling,PMID: 29637711; PMID: 24760155
TC,Inflam. DC,MIF,CD74_CXCR4,0.15953132883610693,0.0,MIF_CD74_CXCR4,MIF - (CD74+CXCR4),MIF,Secreted Signaling,PMID: 29637711; PMID: 24760155
TC,CD40LG+ TC,MIF,CD74_CXCR4,0.041351543722669415,0.0,MIF_CD74_CXCR4,MIF - (CD74+CXCR4),MIF,Secreted Signaling,PMID: 29637711; PMID: 24760155
Inflam. TC,cDC2,MIF,CD74_CXCR4,0.09649589364641611,0.0,MIF_CD74_CXCR4,MIF - (CD74+CXCR4),MIF,Secreted Signaling,PMID: 29637711; PMID: 24760155
Inflam. TC,LC,MIF,CD74_CXCR4,0.21537199935927076,0.0,MIF_CD74_CXCR4,MIF - (CD74+CXCR4),MIF,Secreted Signaling,PMID: 29637711; PMID: 24760155
Inflam. TC,Inflam. DC,MIF,CD74_CXCR4,0.18863379218343465,0.0,MIF_CD74_CXCR4,MIF - (CD74+CXCR4),MIF,Secreted Signaling,PMID: 29637711; PMID: 24760155
Inflam. TC,CD40LG+ TC,MIF,CD74_CXCR4,0.05018231891898317,0.0,MIF_CD74_CXCR4,MIF - (CD74+CXCR4),MIF,Secreted Signaling,PMID: 29637711; PMID: 24760155
CD40LG+ TC,cDC2,MIF,CD74_CXCR4,0.07978535942658431,0.0,MIF_CD74_CXCR4,MIF - (CD74+CXCR4),MIF,Secreted Signaling,PMID: 29637711; PMID: 24760155
CD40LG+ TC,LC,MIF,CD74_CXCR4,0.18222728990125453,0.0,MIF_CD74_CXCR4,MIF - (CD74+CXCR4),MIF,Secreted Signaling,PMID: 29637711; PMID: 24760155
CD40LG+ TC,Inflam. DC,MIF,CD74_CXCR4,0.15877130780056423,0.0,MIF_CD74_CXCR4,MIF - (CD74+CXCR4),MIF,Secreted Signaling,PMID: 29637711; PMID: 24760155
CD40LG+ TC,CD40LG+ TC,MIF,CD74_CXCR4,0.041126990974700246,0.0,MIF_CD74_CXCR4,MIF - (CD74+CXCR4),MIF,Secreted Signaling,PMID: 29637711; PMID: 24760155
NKT,cDC2,MIF,CD74_CXCR4,0.07757558626883689,0.0,MIF_CD74_CXCR4,MIF - (CD74+CXCR4),MIF,Secreted Signaling,PMID: 29637711; PMID: 24760155
NKT,LC,MIF,CD74_CXCR4,0.17772822249519332,0.0,MIF_CD74_CXCR4,MIF - (CD74+CXCR4),MIF,Secreted Signaling,PMID: 29637711; PMID: 24760155
NKT,Inflam. DC,MIF,CD74_CXCR4,0.1547417709780569,0.0,MIF_CD74_CXCR4,MIF - (CD74+CXCR4),MIF,Secreted Signaling,PMID: 29637711; PMID: 24760155
NKT,CD40LG+ TC,MIF,CD74_CXCR4,0.03994144511853974,0.0,MIF_CD74_CXCR4,MIF - (CD74+CXCR4),MIF,Secreted Signaling,PMID: 29637711; PMID: 24760155
APOE+ FIB,cDC1,MIF,CD74_CD44,0.13106259086731736,0.0,MIF_CD74_CD44,MIF - (CD74+CD44),MIF,Secreted Signaling,PMID: 29637711; PMID: 26175090
APOE+ FIB,cDC2,MIF,CD74_CD44,0.1492637941242956,0.0,MIF_CD74_CD44,MIF - (CD74+CD44),MIF,Secreted Signaling,PMID: 29637711; PMID: 26175090
APOE+ FIB,LC,MIF,CD74_CD44,0.15039674606929704,0.0,MIF_CD74_CD44,MIF - (CD74+CD44),MIF,Secreted Signaling,PMID: 29637711; PMID: 26175090
APOE+ FIB,Inflam. DC,MIF,CD74_CD44,0.12870410133811047,0.0,MIF_CD74_CD44,MIF - (CD74+CD44),MIF,Secreted Signaling,PMID: 29637711; PMID: 26175090
APOE+ FIB,Inflam. TC,MIF,CD74_CD44,0.059044696571070025,0.01,MIF_CD74_CD44,MIF - (CD74+CD44),MIF,Secreted Signaling,PMID: 29637711; PMID: 26175090
FBN1+ FIB,cDC1,MIF,CD74_CD44,0.12680812609924602,0.0,MIF_CD74_CD44,MIF - (CD74+CD44),MIF,Secreted Signaling,PMID: 29637711; PMID: 26175090
FBN1+ FIB,cDC2,MIF,CD74_CD44,0.1445167586169168,0.0,MIF_CD74_CD44,MIF - (CD74+CD44),MIF,Secreted Signaling,PMID: 29637711; PMID: 26175090
FBN1+ FIB,LC,MIF,CD74_CD44,0.14561984674135353,0.0,MIF_CD74_CD44,MIF - (CD74+CD44),MIF,Secreted Signaling,PMID: 29637711; PMID: 26175090
FBN1+ FIB,Inflam. DC,MIF,CD74_CD44,0.12451522556058962,0.0,MIF_CD74_CD44,MIF - (CD74+CD44),MIF,Secreted Signaling,PMID: 29637711; PMID: 26175090
COL11A1+ FIB,cDC1,MIF,CD74_CD44,0.06341952864036177,0.05,MIF_CD74_CD44,MIF - (CD74+CD44),MIF,Secreted Signaling,PMID: 29637711; PMID: 26175090
COL11A1+ FIB,cDC2,MIF,CD74_CD44,0.07301622113581757,0.0,MIF_CD74_CD44,MIF - (CD74+CD44),MIF,Secreted Signaling,PMID: 29637711; PMID: 26175090
COL11A1+ FIB,LC,MIF,CD74_CD44,0.07362051631082514,0.0,MIF_CD74_CD44,MIF - (CD74+CD44),MIF,Secreted Signaling,PMID: 29637711; PMID: 26175090
Inflam. FIB,cDC1,MIF,CD74_CD44,0.15085232551633718,0.0,MIF_CD74_CD44,MIF - (CD74+CD44),MIF,Secreted Signaling,PMID: 29637711; PMID: 26175090
Inflam. FIB,cDC2,MIF,CD74_CD44,0.1712601479877672,0.0,MIF_CD74_CD44,MIF - (CD74+CD44),MIF,Secreted Signaling,PMID: 29637711; PMID: 26175090
Inflam. FIB,LC,MIF,CD74_CD44,0.17252619960541615,0.0,MIF_CD74_CD44,MIF - (CD74+CD44),MIF,Secreted Signaling,PMID: 29637711; PMID: 26175090
Inflam. FIB,Inflam. DC,MIF,CD74_CD44,0.14819845354554603,0.0,MIF_CD74_CD44,MIF - (CD74+CD44),MIF,Secreted Signaling,PMID: 29637711; PMID: 26175090
Inflam. FIB,Inflam. TC,MIF,CD74_CD44,0.06882138747941227,0.0,MIF_CD74_CD44,MIF - (CD74+CD44),MIF,Secreted Signaling,PMID: 29637711; PMID: 26175090
Inflam. FIB,CD40LG+ TC,MIF,CD74_CD44,0.05910377824847363,0.01,MIF_CD74_CD44,MIF - (CD74+CD44),MIF,Secreted Signaling,PMID: 29637711; PMID: 26175090
cDC1,cDC1,MIF,CD74_CD44,0.16519295633327272,0.0,MIF_CD74_CD44,MIF - (CD74+CD44),MIF,Secreted Signaling,PMID: 29637711; PMID: 26175090
cDC1,cDC2,MIF,CD74_CD44,0.18711333043760608,0.0,MIF_CD74_CD44,MIF - (CD74+CD44),MIF,Secreted Signaling,PMID: 29637711; PMID: 26175090
cDC1,LC,MIF,CD74_CD44,0.18846992537952353,0.0,MIF_CD74_CD44,MIF - (CD74+CD44),MIF,Secreted Signaling,PMID: 29637711; PMID: 26175090
cDC1,Inflam. DC,MIF,CD74_CD44,0.16233502746808795,0.0,MIF_CD74_CD44,MIF - (CD74+CD44),MIF,Secreted Signaling,PMID: 29637711; PMID: 26175090
cDC1,Inflam. TC,MIF,CD74_CD44,0.07606234884839053,0.0,MIF_CD74_CD44,MIF - (CD74+CD44),MIF,Secreted Signaling,PMID: 29637711; PMID: 26175090
cDC1,CD40LG+ TC,MIF,CD74_CD44,0.06539411501397875,0.02,MIF_CD74_CD44,MIF - (CD74+CD44),MIF,Secreted Signaling,PMID: 29637711; PMID: 26175090
cDC1,NKT,MIF,CD74_CD44,0.06711453997560196,0.02,MIF_CD74_CD44,MIF - (CD74+CD44),MIF,Secreted Signaling,PMID: 29637711; PMID: 26175090
cDC2,cDC1,MIF,CD74_CD44,0.17734840534848498,0.0,MIF_CD74_CD44,MIF - (CD74+CD44),MIF,Secreted Signaling,PMID: 29637711; PMID: 26175090
cDC2,cDC2,MIF,CD74_CD44,0.20049436809513013,0.0,MIF_CD74_CD44,MIF - (CD74+CD44),MIF,Secreted Signaling,PMID: 29637711; PMID: 26175090
cDC2,LC,MIF,CD74_CD44,0.20192387856377259,0.0,MIF_CD74_CD44,MIF - (CD74+CD44),MIF,Secreted Signaling,PMID: 29637711; PMID: 26175090
cDC2,Inflam. DC,MIF,CD74_CD44,0.17432409446003438,0.0,MIF_CD74_CD44,MIF - (CD74+CD44),MIF,Secreted Signaling,PMID: 29637711; PMID: 26175090
cDC2,Inflam. TC,MIF,CD74_CD44,0.0823058933555471,0.0,MIF_CD74_CD44,MIF - (CD74+CD44),MIF,Secreted Signaling,PMID: 29637711; PMID: 26175090
cDC2,CD40LG+ TC,MIF,CD74_CD44,0.07082909321654526,0.0,MIF_CD74_CD44,MIF - (CD74+CD44),MIF,Secreted Signaling,PMID: 29637711; PMID: 26175090
cDC2,NKT,MIF,CD74_CD44,0.07268138501517327,0.0,MIF_CD74_CD44,MIF - (CD74+CD44),MIF,Secreted Signaling,PMID: 29637711; PMID: 26175090
LC,cDC1,MIF,CD74_CD44,0.1938802504885093,0.0,MIF_CD74_CD44,MIF - (CD74+CD44),MIF,Secreted Signaling,PMID: 29637711; PMID: 26175090
LC,cDC2,MIF,CD74_CD44,0.21861044920249312,0.0,MIF_CD74_CD44,MIF - (CD74+CD44),MIF,Secreted Signaling,PMID: 29637711; PMID: 26175090
LC,LC,MIF,CD74_CD44,0.22013356173973458,0.0,MIF_CD74_CD44,MIF - (CD74+CD44),MIF,Secreted Signaling,PMID: 29637711; PMID: 26175090
LC,Inflam. DC,MIF,CD74_CD44,0.1906393537801085,0.0,MIF_CD74_CD44,MIF - (CD74+CD44),MIF,Secreted Signaling,PMID: 29637711; PMID: 26175090
LC,Inflam. TC,MIF,CD74_CD44,0.09095775328078565,0.0,MIF_CD74_CD44,MIF - (CD74+CD44),MIF,Secreted Signaling,PMID: 29637711; PMID: 26175090
LC,CD40LG+ TC,MIF,CD74_CD44,0.07837756781704468,0.0,MIF_CD74_CD44,MIF - (CD74+CD44),MIF,Secreted Signaling,PMID: 29637711; PMID: 26175090
LC,NKT,MIF,CD74_CD44,0.0804101807341506,0.0,MIF_CD74_CD44,MIF - (CD74+CD44),MIF,Secreted Signaling,PMID: 29637711; PMID: 26175090
Inflam. DC,cDC1,MIF,CD74_CD44,0.13139814024543958,0.0,MIF_CD74_CD44,MIF - (CD74+CD44),MIF,Secreted Signaling,PMID: 29637711; PMID: 26175090
Inflam. DC,cDC2,MIF,CD74_CD44,0.14963791789066977,0.0,MIF_CD74_CD44,MIF - (CD74+CD44),MIF,Secreted Signaling,PMID: 29637711; PMID: 26175090
Inflam. DC,LC,MIF,CD74_CD44,0.15077320626407884,0.0,MIF_CD74_CD44,MIF - (CD74+CD44),MIF,Secreted Signaling,PMID: 29637711; PMID: 26175090
Inflam. DC,Inflam. DC,MIF,CD74_CD44,0.12903450912108935,0.0,MIF_CD74_CD44,MIF - (CD74+CD44),MIF,Secreted Signaling,PMID: 29637711; PMID: 26175090
TC,cDC1,MIF,CD74_CD44,0.16910977184050865,0.0,MIF_CD74_CD44,MIF - (CD74+CD44),MIF,Secreted Signaling,PMID: 29637711; PMID: 26175090
TC,cDC2,MIF,CD74_CD44,0.19143070682322683,0.0,MIF_CD74_CD44,MIF - (CD74+CD44),MIF,Secreted Signaling,PMID: 29637711; PMID: 26175090
TC,LC,MIF,CD74_CD44,0.1928111787750936,0.0,MIF_CD74_CD44,MIF - (CD74+CD44),MIF,Secreted Signaling,PMID: 29637711; PMID: 26175090
TC,Inflam. DC,MIF,CD74_CD44,0.16619757052550702,0.0,MIF_CD74_CD44,MIF - (CD74+CD44),MIF,Secreted Signaling,PMID: 29637711; PMID: 26175090
TC,Inflam. TC,MIF,CD74_CD44,0.07806344844674691,0.0,MIF_CD74_CD44,MIF - (CD74+CD44),MIF,Secreted Signaling,PMID: 29637711; PMID: 26175090
TC,CD40LG+ TC,MIF,CD74_CD44,0.06713494128467558,0.0,MIF_CD74_CD44,MIF - (CD74+CD44),MIF,Secreted Signaling,PMID: 29637711; PMID: 26175090
TC,NKT,MIF,CD74_CD44,0.06889778866910762,0.0,MIF_CD74_CD44,MIF - (CD74+CD44),MIF,Secreted Signaling,PMID: 29637711; PMID: 26175090
Inflam. TC,Inflam. FIB,MIF,CD74_CD44,0.05776700179008141,0.03,MIF_CD74_CD44,MIF - (CD74+CD44),MIF,Secreted Signaling,PMID: 29637711; PMID: 26175090
Inflam. TC,cDC1,MIF,CD74_CD44,0.1995447242613931,0.0,MIF_CD74_CD44,MIF - (CD74+CD44),MIF,Secreted Signaling,PMID: 29637711; PMID: 26175090
Inflam. TC,cDC2,MIF,CD74_CD44,0.22479596425975057,0.0,MIF_CD74_CD44,MIF - (CD74+CD44),MIF,Secreted Signaling,PMID: 29637711; PMID: 26175090
Inflam. TC,LC,MIF,CD74_CD44,0.22634968892494187,0.0,MIF_CD74_CD44,MIF - (CD74+CD44),MIF,Secreted Signaling,PMID: 29637711; PMID: 26175090
Inflam. TC,Inflam. DC,MIF,CD74_CD44,0.19623218989135133,0.0,MIF_CD74_CD44,MIF - (CD74+CD44),MIF,Secreted Signaling,PMID: 29637711; PMID: 26175090
Inflam. TC,Inflam. TC,MIF,CD74_CD44,0.09396572175356385,0.0,MIF_CD74_CD44,MIF - (CD74+CD44),MIF,Secreted Signaling,PMID: 29637711; PMID: 26175090
Inflam. TC,CD40LG+ TC,MIF,CD74_CD44,0.08100658309343543,0.0,MIF_CD74_CD44,MIF - (CD74+CD44),MIF,Secreted Signaling,PMID: 29637711; PMID: 26175090
Inflam. TC,NKT,MIF,CD74_CD44,0.08310122818723197,0.0,MIF_CD74_CD44,MIF - (CD74+CD44),MIF,Secreted Signaling,PMID: 29637711; PMID: 26175090
CD40LG+ TC,cDC1,MIF,CD74_CD44,0.16831325669964067,0.0,MIF_CD74_CD44,MIF - (CD74+CD44),MIF,Secreted Signaling,PMID: 29637711; PMID: 26175090
CD40LG+ TC,cDC2,MIF,CD74_CD44,0.19055316973080108,0.0,MIF_CD74_CD44,MIF - (CD74+CD44),MIF,Secreted Signaling,PMID: 29637711; PMID: 26175090
CD40LG+ TC,LC,MIF,CD74_CD44,0.19192881558338495,0.0,MIF_CD74_CD44,MIF - (CD74+CD44),MIF,Secreted Signaling,PMID: 29637711; PMID: 26175090
CD40LG+ TC,Inflam. DC,MIF,CD74_CD44,0.16541204131644816,0.0,MIF_CD74_CD44,MIF - (CD74+CD44),MIF,Secreted Signaling,PMID: 29637711; PMID: 26175090
CD40LG+ TC,Inflam. TC,MIF,CD74_CD44,0.07765568681388228,0.0,MIF_CD74_CD44,MIF - (CD74+CD44),MIF,Secreted Signaling,PMID: 29637711; PMID: 26175090
CD40LG+ TC,CD40LG+ TC,MIF,CD74_CD44,0.06678012941189274,0.0,MIF_CD74_CD44,MIF - (CD74+CD44),MIF,Secreted Signaling,PMID: 29637711; PMID: 26175090
CD40LG+ TC,NKT,MIF,CD74_CD44,0.06853434451937154,0.0,MIF_CD74_CD44,MIF - (CD74+CD44),MIF,Secreted Signaling,PMID: 29637711; PMID: 26175090
NKT,cDC1,MIF,CD74_CD44,0.16408878725516807,0.0,MIF_CD74_CD44,MIF - (CD74+CD44),MIF,Secreted Signaling,PMID: 29637711; PMID: 26175090
NKT,cDC2,MIF,CD74_CD44,0.18589526979303037,0.0,MIF_CD74_CD44,MIF - (CD74+CD44),MIF,Secreted Signaling,PMID: 29637711; PMID: 26175090
NKT,LC,MIF,CD74_CD44,0.18724506784882713,0.0,MIF_CD74_CD44,MIF - (CD74+CD44),MIF,Secreted Signaling,PMID: 29637711; PMID: 26175090
NKT,Inflam. DC,MIF,CD74_CD44,0.1612462713535401,0.0,MIF_CD74_CD44,MIF - (CD74+CD44),MIF,Secreted Signaling,PMID: 29637711; PMID: 26175090
NKT,Inflam. TC,MIF,CD74_CD44,0.07550005863476988,0.0,MIF_CD74_CD44,MIF - (CD74+CD44),MIF,Secreted Signaling,PMID: 29637711; PMID: 26175090
NKT,CD40LG+ TC,MIF,CD74_CD44,0.06490514949265003,0.03,MIF_CD74_CD44,MIF - (CD74+CD44),MIF,Secreted Signaling,PMID: 29637711; PMID: 26175090
APOE+ FIB,FBN1+ FIB,MIF,ACKR3,0.026069104153170923,0.0,MIF_ACKR3,MIF - ACKR3,MIF,Secreted Signaling,PMID: 26175090
FBN1+ FIB,FBN1+ FIB,MIF,ACKR3,0.02512432165402574,0.0,MIF_ACKR3,MIF - ACKR3,MIF,Secreted Signaling,PMID: 26175090
COL11A1+ FIB,FBN1+ FIB,MIF,ACKR3,0.011874024418786468,0.0,MIF_ACKR3,MIF - ACKR3,MIF,Secreted Signaling,PMID: 26175090
Inflam. FIB,FBN1+ FIB,MIF,ACKR3,0.030563007139652636,0.0,MIF_ACKR3,MIF - ACKR3,MIF,Secreted Signaling,PMID: 26175090
cDC1,FBN1+ FIB,MIF,ACKR3,0.03392531075828715,0.0,MIF_ACKR3,MIF - ACKR3,MIF,Secreted Signaling,PMID: 26175090
cDC2,FBN1+ FIB,MIF,ACKR3,0.0368479970548644,0.0,MIF_ACKR3,MIF - ACKR3,MIF,Secreted Signaling,PMID: 26175090
LC,FBN1+ FIB,MIF,ACKR3,0.04093454513936131,0.0,MIF_ACKR3,MIF - ACKR3,MIF,Secreted Signaling,PMID: 26175090
Inflam. DC,FBN1+ FIB,MIF,ACKR3,0.02614393450983221,0.0,MIF_ACKR3,MIF - ACKR3,MIF,Secreted Signaling,PMID: 26175090
TC,FBN1+ FIB,MIF,ACKR3,0.03485966645653225,0.0,MIF_ACKR3,MIF - ACKR3,MIF,Secreted Signaling,PMID: 26175090
Inflam. TC,FBN1+ FIB,MIF,ACKR3,0.04236534454114386,0.0,MIF_ACKR3,MIF - ACKR3,MIF,Secreted Signaling,PMID: 26175090
CD40LG+ TC,FBN1+ FIB,MIF,ACKR3,0.034669091867412086,0.0,MIF_ACKR3,MIF - ACKR3,MIF,Secreted Signaling,PMID: 26175090
NKT,FBN1+ FIB,MIF,ACKR3,0.03366316896171556,0.0,MIF_ACKR3,MIF - ACKR3,MIF,Secreted Signaling,PMID: 26175090
Inflam. TC,cDC2,IL13,IL13RA1,0.005354680127534219,0.0,IL13_IL13RA1,IL13 - IL13RA1,IL4,Secreted Signaling,KEGG: hsa04060
Inflam. TC,LC,IL13,IL13RA1,0.014889435019241988,0.0,IL13_IL13RA1,IL13 - IL13RA1,IL4,Secreted Signaling,KEGG: hsa04060
Inflam. TC,Inflam. DC,IL13,IL13RA1,0.004852614173937395,0.0,IL13_IL13RA1,IL13 - IL13RA1,IL4,Secreted Signaling,KEGG: hsa04060
LC,cDC2,CSF1,CSF1R,0.0022272277708155846,0.0,CSF1_CSF1R,CSF1 - CSF1R,CSF,Secreted Signaling,KEGG: hsa04060
LC,LC,CSF1,CSF1R,0.001998556490264045,0.0,CSF1_CSF1R,CSF1 - CSF1R,CSF,Secreted Signaling,KEGG: hsa04060
cDC1,APOE+ FIB,TNF,TNFRSF1A,0.0029635015565375763,0.0,TNF_TNFRSF1A,TNF - TNFRSF1A,TNF,Secreted Signaling,KEGG: hsa04060
cDC1,FBN1+ FIB,TNF,TNFRSF1A,0.0038028650034752916,0.0,TNF_TNFRSF1A,TNF - TNFRSF1A,TNF,Secreted Signaling,KEGG: hsa04060
cDC1,Inflam. FIB,TNF,TNFRSF1A,0.004644900534693806,0.0,TNF_TNFRSF1A,TNF - TNFRSF1A,TNF,Secreted Signaling,KEGG: hsa04060
LC,APOE+ FIB,TNF,TNFRSF1A,0.0019520528467400623,0.0,TNF_TNFRSF1A,TNF - TNFRSF1A,TNF,Secreted Signaling,KEGG: hsa04060
LC,FBN1+ FIB,TNF,TNFRSF1A,0.0025056599008775335,0.0,TNF_TNFRSF1A,TNF - TNFRSF1A,TNF,Secreted Signaling,KEGG: hsa04060
LC,Inflam. FIB,TNF,TNFRSF1A,0.0030613491820624607,0.0,TNF_TNFRSF1A,TNF - TNFRSF1A,TNF,Secreted Signaling,KEGG: hsa04060
TC,APOE+ FIB,TNF,TNFRSF1A,0.0038868553003818885,0.0,TNF_TNFRSF1A,TNF - TNFRSF1A,TNF,Secreted Signaling,KEGG: hsa04060
TC,FBN1+ FIB,TNF,TNFRSF1A,0.004986435671596645,0.0,TNF_TNFRSF1A,TNF - TNFRSF1A,TNF,Secreted Signaling,KEGG: hsa04060
TC,Inflam. FIB,TNF,TNFRSF1A,0.006088937220793433,0.0,TNF_TNFRSF1A,TNF - TNFRSF1A,TNF,Secreted Signaling,KEGG: hsa04060
Inflam. TC,APOE+ FIB,TNF,TNFRSF1A,0.0013653344239996429,0.0,TNF_TNFRSF1A,TNF - TNFRSF1A,TNF,Secreted Signaling,KEGG: hsa04060
Inflam. TC,FBN1+ FIB,TNF,TNFRSF1A,0.0017528389044062008,0.0,TNF_TNFRSF1A,TNF - TNFRSF1A,TNF,Secreted Signaling,KEGG: hsa04060
Inflam. TC,Inflam. FIB,TNF,TNFRSF1A,0.0021419308498045846,0.0,TNF_TNFRSF1A,TNF - TNFRSF1A,TNF,Secreted Signaling,KEGG: hsa04060
CD40LG+ TC,APOE+ FIB,TNF,TNFRSF1A,0.005129206157100829,0.0,TNF_TNFRSF1A,TNF - TNFRSF1A,TNF,Secreted Signaling,KEGG: hsa04060
CD40LG+ TC,FBN1+ FIB,TNF,TNFRSF1A,0.006577923190260305,0.0,TNF_TNFRSF1A,TNF - TNFRSF1A,TNF,Secreted Signaling,KEGG: hsa04060
CD40LG+ TC,Inflam. FIB,TNF,TNFRSF1A,0.00802946327698537,0.0,TNF_TNFRSF1A,TNF - TNFRSF1A,TNF,Secreted Signaling,KEGG: hsa04060
Inflam. TC,cDC2,TNFSF14,TNFRSF14,0.0024531416435970878,0.0,TNFSF14_TNFRSF14,TNFSF14 - TNFRSF14,LIGHT,Secreted Signaling,KEGG: hsa04060
Inflam. TC,Inflam. DC,TNFSF14,TNFRSF14,0.0032157084511691323,0.0,TNFSF14_TNFRSF14,TNFSF14 - TNFRSF14,LIGHT,Secreted Signaling,KEGG: hsa04060
CD40LG+ TC,cDC2,CD40LG,ITGAM_ITGB2,0.009039993842366182,0.0,CD40LG_ITGAM_ITGB2,CD40LG - (ITGAM+ITGB2),CD40,Secreted Signaling,PMID: 28676852
CD40LG+ TC,LC,CD40LG,ITGAM_ITGB2,0.008548325195203044,0.0,CD40LG_ITGAM_ITGB2,CD40LG - (ITGAM+ITGB2),CD40,Secreted Signaling,PMID: 28676852
APOE+ FIB,cDC2,C3,ITGAM_ITGB2,0.03530447138563984,0.0,C3_ITGAM_ITGB2,C3 - (ITGAM+ITGB2),COMPLEMENT,Secreted Signaling,PMID: 16234578
APOE+ FIB,LC,C3,ITGAM_ITGB2,0.03343251932590425,0.0,C3_ITGAM_ITGB2,C3 - (ITGAM+ITGB2),COMPLEMENT,Secreted Signaling,PMID: 16234578
FBN1+ FIB,cDC2,C3,ITGAM_ITGB2,0.029196552331925193,0.0,C3_ITGAM_ITGB2,C3 - (ITGAM+ITGB2),COMPLEMENT,Secreted Signaling,PMID: 16234578
FBN1+ FIB,LC,C3,ITGAM_ITGB2,0.027639182166186313,0.0,C3_ITGAM_ITGB2,C3 - (ITGAM+ITGB2),COMPLEMENT,Secreted Signaling,PMID: 16234578
Inflam. FIB,cDC2,C3,ITGAM_ITGB2,0.037472782177758616,0.0,C3_ITGAM_ITGB2,C3 - (ITGAM+ITGB2),COMPLEMENT,Secreted Signaling,PMID: 16234578
Inflam. FIB,LC,C3,ITGAM_ITGB2,0.03549008922575516,0.0,C3_ITGAM_ITGB2,C3 - (ITGAM+ITGB2),COMPLEMENT,Secreted Signaling,PMID: 16234578
APOE+ FIB,cDC2,C3,ITGAX_ITGB2,0.039273035676808093,0.0,C3_ITGAX_ITGB2,C3 - (ITGAX+ITGB2),COMPLEMENT,Secreted Signaling,PMID: 16234578
APOE+ FIB,LC,C3,ITGAX_ITGB2,0.05874621762689586,0.0,C3_ITGAX_ITGB2,C3 - (ITGAX+ITGB2),COMPLEMENT,Secreted Signaling,PMID: 16234578
FBN1+ FIB,cDC2,C3,ITGAX_ITGB2,0.032501659353894465,0.0,C3_ITGAX_ITGB2,C3 - (ITGAX+ITGB2),COMPLEMENT,Secreted Signaling,PMID: 16234578
FBN1+ FIB,LC,C3,ITGAX_ITGB2,0.04878781770575029,0.0,C3_ITGAX_ITGB2,C3 - (ITGAX+ITGB2),COMPLEMENT,Secreted Signaling,PMID: 16234578
Inflam. FIB,cDC2,C3,ITGAX_ITGB2,0.04167455613223348,0.0,C3_ITGAX_ITGB2,C3 - (ITGAX+ITGB2),COMPLEMENT,Secreted Signaling,PMID: 16234578
Inflam. FIB,LC,C3,ITGAX_ITGB2,0.0622613406533589,0.0,C3_ITGAX_ITGB2,C3 - (ITGAX+ITGB2),COMPLEMENT,Secreted Signaling,PMID: 16234578
cDC1,FBN1+ FIB,GAS6,AXL,0.003090517410756229,0.0,GAS6_AXL,GAS6 - AXL,GAS,Secreted Signaling,PMID: 27801848
cDC1,Inflam. FIB,GAS6,AXL,0.0028664137469009182,0.0,GAS6_AXL,GAS6 - AXL,GAS,Secreted Signaling,PMID: 27801848
cDC1,LC,GAS6,AXL,0.0025242601471176934,0.0,GAS6_AXL,GAS6 - AXL,GAS,Secreted Signaling,PMID: 27801848
cDC2,FBN1+ FIB,GAS6,AXL,0.0037284309742007344,0.0,GAS6_AXL,GAS6 - AXL,GAS,Secreted Signaling,PMID: 27801848
cDC2,Inflam. FIB,GAS6,AXL,0.0034582305469747845,0.0,GAS6_AXL,GAS6 - AXL,GAS,Secreted Signaling,PMID: 27801848
cDC2,LC,GAS6,AXL,0.0030456496561311465,0.0,GAS6_AXL,GAS6 - AXL,GAS,Secreted Signaling,PMID: 27801848
LC,FBN1+ FIB,GAS6,AXL,0.0032580360097326853,0.0,GAS6_AXL,GAS6 - AXL,GAS,Secreted Signaling,PMID: 27801848
LC,Inflam. FIB,GAS6,AXL,0.003021821837728586,0.0,GAS6_AXL,GAS6 - AXL,GAS,Secreted Signaling,PMID: 27801848
LC,LC,GAS6,AXL,0.0026611672355740476,0.0,GAS6_AXL,GAS6 - AXL,GAS,Secreted Signaling,PMID: 27801848
Inflam. DC,FBN1+ FIB,GAS6,AXL,0.0037186568972335616,0.0,GAS6_AXL,GAS6 - AXL,GAS,Secreted Signaling,PMID: 27801848
Inflam. DC,Inflam. FIB,GAS6,AXL,0.003449162347788835,0.0,GAS6_AXL,GAS6 - AXL,GAS,Secreted Signaling,PMID: 27801848
Inflam. DC,LC,GAS6,AXL,0.0030376600320175073,0.0,GAS6_AXL,GAS6 - AXL,GAS,Secreted Signaling,PMID: 27801848
cDC2,cDC1,LGALS9,PTPRC,0.010623836479812236,0.0,LGALS9_CD45,LGALS9 - CD45,GALECTIN,Secreted Signaling,PMID: 30120235
cDC2,cDC2,LGALS9,PTPRC,0.014156213853686449,0.0,LGALS9_CD45,LGALS9 - CD45,GALECTIN,Secreted Signaling,PMID: 30120235
cDC2,LC,LGALS9,PTPRC,0.01014691686970548,0.0,LGALS9_CD45,LGALS9 - CD45,GALECTIN,Secreted Signaling,PMID: 30120235
cDC2,Inflam. DC,LGALS9,PTPRC,0.0035922294345787065,0.0,LGALS9_CD45,LGALS9 - CD45,GALECTIN,Secreted Signaling,PMID: 30120235
cDC2,TC,LGALS9,PTPRC,0.019325885719383398,0.0,LGALS9_CD45,LGALS9 - CD45,GALECTIN,Secreted Signaling,PMID: 30120235
cDC2,Inflam. TC,LGALS9,PTPRC,0.01542486047640501,0.0,LGALS9_CD45,LGALS9 - CD45,GALECTIN,Secreted Signaling,PMID: 30120235
cDC2,CD40LG+ TC,LGALS9,PTPRC,0.01627773573429074,0.0,LGALS9_CD45,LGALS9 - CD45,GALECTIN,Secreted Signaling,PMID: 30120235
cDC2,NKT,LGALS9,PTPRC,0.016201893125219153,0.0,LGALS9_CD45,LGALS9 - CD45,GALECTIN,Secreted Signaling,PMID: 30120235
LC,cDC1,LGALS9,PTPRC,0.0079154992775781,0.0,LGALS9_CD45,LGALS9 - CD45,GALECTIN,Secreted Signaling,PMID: 30120235
LC,cDC2,LGALS9,PTPRC,0.010556975575392764,0.0,LGALS9_CD45,LGALS9 - CD45,GALECTIN,Secreted Signaling,PMID: 30120235
LC,LC,LGALS9,PTPRC,0.007559231969449223,0.0,LGALS9_CD45,LGALS9 - CD45,GALECTIN,Secreted Signaling,PMID: 30120235
LC,Inflam. DC,LGALS9,PTPRC,0.0026716210259905898,0.0,LGALS9_CD45,LGALS9 - CD45,GALECTIN,Secreted Signaling,PMID: 30120235
LC,TC,LGALS9,PTPRC,0.014431491820879742,0.0,LGALS9_CD45,LGALS9 - CD45,GALECTIN,Secreted Signaling,PMID: 30120235
LC,Inflam. TC,LGALS9,PTPRC,0.011506831806593424,0.0,LGALS9_CD45,LGALS9 - CD45,GALECTIN,Secreted Signaling,PMID: 30120235
LC,CD40LG+ TC,LGALS9,PTPRC,0.012145742874317899,0.0,LGALS9_CD45,LGALS9 - CD45,GALECTIN,Secreted Signaling,PMID: 30120235
LC,NKT,LGALS9,PTPRC,0.012088915808848206,0.0,LGALS9_CD45,LGALS9 - CD45,GALECTIN,Secreted Signaling,PMID: 30120235
Inflam. DC,cDC1,LGALS9,PTPRC,0.011485868263761608,0.0,LGALS9_CD45,LGALS9 - CD45,GALECTIN,Secreted Signaling,PMID: 30120235
Inflam. DC,cDC2,LGALS9,PTPRC,0.01530043476393922,0.0,LGALS9_CD45,LGALS9 - CD45,GALECTIN,Secreted Signaling,PMID: 30120235
Inflam. DC,LC,LGALS9,PTPRC,0.010970679882496906,0.0,LGALS9_CD45,LGALS9 - CD45,GALECTIN,Secreted Signaling,PMID: 30120235
Inflam. DC,Inflam. DC,LGALS9,PTPRC,0.0038859485101774074,0.0,LGALS9_CD45,LGALS9 - CD45,GALECTIN,Secreted Signaling,PMID: 30120235
Inflam. DC,TC,LGALS9,PTPRC,0.02087911204167699,0.0,LGALS9_CD45,LGALS9 - CD45,GALECTIN,Secreted Signaling,PMID: 30120235
Inflam. DC,Inflam. TC,LGALS9,PTPRC,0.016669889860035977,0.0,LGALS9_CD45,LGALS9 - CD45,GALECTIN,Secreted Signaling,PMID: 30120235
Inflam. DC,CD40LG+ TC,LGALS9,PTPRC,0.017590375694259502,0.0,LGALS9_CD45,LGALS9 - CD45,GALECTIN,Secreted Signaling,PMID: 30120235
Inflam. DC,NKT,LGALS9,PTPRC,0.01750852597497656,0.0,LGALS9_CD45,LGALS9 - CD45,GALECTIN,Secreted Signaling,PMID: 30120235
cDC2,cDC1,LGALS9,HAVCR2,0.0019307708808852177,0.0,LGALS9_HAVCR2,LGALS9 - HAVCR2,GALECTIN,Secreted Signaling,PMID: 27192565
cDC2,LC,LGALS9,HAVCR2,0.0015029211555014149,0.0,LGALS9_HAVCR2,LGALS9 - HAVCR2,GALECTIN,Secreted Signaling,PMID: 27192565
LC,cDC1,LGALS9,HAVCR2,0.0014353439351513222,0.0,LGALS9_HAVCR2,LGALS9 - HAVCR2,GALECTIN,Secreted Signaling,PMID: 27192565
LC,LC,LGALS9,HAVCR2,0.0011171556020785685,0.0,LGALS9_HAVCR2,LGALS9 - HAVCR2,GALECTIN,Secreted Signaling,PMID: 27192565
Inflam. DC,cDC1,LGALS9,HAVCR2,0.002088925398494157,0.0,LGALS9_HAVCR2,LGALS9 - HAVCR2,GALECTIN,Secreted Signaling,PMID: 27192565
Inflam. DC,LC,LGALS9,HAVCR2,0.001626086476113691,0.0,LGALS9_HAVCR2,LGALS9 - HAVCR2,GALECTIN,Secreted Signaling,PMID: 27192565
cDC2,APOE+ FIB,LGALS9,CD44,0.004812025519680543,0.0,LGALS9_CD44,LGALS9 - CD44,GALECTIN,Secreted Signaling,PMID: 25065622
cDC2,FBN1+ FIB,LGALS9,CD44,0.012110816963230913,0.0,LGALS9_CD44,LGALS9 - CD44,GALECTIN,Secreted Signaling,PMID: 25065622
cDC2,Inflam. FIB,LGALS9,CD44,0.012600287784802006,0.0,LGALS9_CD44,LGALS9 - CD44,GALECTIN,Secreted Signaling,PMID: 25065622
cDC2,cDC1,LGALS9,CD44,0.011136578820236323,0.0,LGALS9_CD44,LGALS9 - CD44,GALECTIN,Secreted Signaling,PMID: 25065622
cDC2,cDC2,LGALS9,CD44,0.016084983761531918,0.0,LGALS9_CD44,LGALS9 - CD44,GALECTIN,Secreted Signaling,PMID: 25065622
cDC2,LC,LGALS9,CD44,0.015841959999651455,0.0,LGALS9_CD44,LGALS9 - CD44,GALECTIN,Secreted Signaling,PMID: 25065622
cDC2,Inflam. DC,LGALS9,CD44,0.011449620107151889,0.0,LGALS9_CD44,LGALS9 - CD44,GALECTIN,Secreted Signaling,PMID: 25065622
cDC2,TC,LGALS9,CD44,0.005733050769205142,0.0,LGALS9_CD44,LGALS9 - CD44,GALECTIN,Secreted Signaling,PMID: 25065622
cDC2,Inflam. TC,LGALS9,CD44,0.011876882707692901,0.0,LGALS9_CD44,LGALS9 - CD44,GALECTIN,Secreted Signaling,PMID: 25065622
cDC2,CD40LG+ TC,LGALS9,CD44,0.0146512426961681,0.0,LGALS9_CD44,LGALS9 - CD44,GALECTIN,Secreted Signaling,PMID: 25065622
cDC2,NKT,LGALS9,CD44,0.005416252412854342,0.0,LGALS9_CD44,LGALS9 - CD44,GALECTIN,Secreted Signaling,PMID: 25065622
LC,APOE+ FIB,LGALS9,CD44,0.00357993368356248,0.0,LGALS9_CD44,LGALS9 - CD44,GALECTIN,Secreted Signaling,PMID: 25065622
LC,FBN1+ FIB,LGALS9,CD44,0.00902686208002975,0.0,LGALS9_CD44,LGALS9 - CD44,GALECTIN,Secreted Signaling,PMID: 25065622
LC,Inflam. FIB,LGALS9,CD44,0.009392876861267966,0.0,LGALS9_CD44,LGALS9 - CD44,GALECTIN,Secreted Signaling,PMID: 25065622
LC,cDC1,LGALS9,CD44,0.008298624479558349,0.0,LGALS9_CD44,LGALS9 - CD44,GALECTIN,Secreted Signaling,PMID: 25065622
LC,cDC2,LGALS9,CD44,0.012001322756352639,0.0,LGALS9_CD44,LGALS9 - CD44,GALECTIN,Secreted Signaling,PMID: 25065622
LC,LC,LGALS9,CD44,0.011819256790360893,0.0,LGALS9_CD44,LGALS9 - CD44,GALECTIN,Secreted Signaling,PMID: 25065622
LC,Inflam. DC,LGALS9,CD44,0.008532581228470169,0.0,LGALS9_CD44,LGALS9 - CD44,GALECTIN,Secreted Signaling,PMID: 25065622
LC,TC,LGALS9,CD44,0.004266146564139784,0.0,LGALS9_CD44,LGALS9 - CD44,GALECTIN,Secreted Signaling,PMID: 25065622
LC,Inflam. TC,LGALS9,CD44,0.008851964156803782,0.0,LGALS9_CD44,LGALS9 - CD44,GALECTIN,Secreted Signaling,PMID: 25065622
LC,CD40LG+ TC,LGALS9,CD44,0.010927537712797405,0.0,LGALS9_CD44,LGALS9 - CD44,GALECTIN,Secreted Signaling,PMID: 25065622
LC,NKT,LGALS9,CD44,0.00403007821205547,0.0,LGALS9_CD44,LGALS9 - CD44,GALECTIN,Secreted Signaling,PMID: 25065622
Inflam. DC,APOE+ FIB,LGALS9,CD44,0.005204960372683734,0.0,LGALS9_CD44,LGALS9 - CD44,GALECTIN,Secreted Signaling,PMID: 25065622
Inflam. DC,FBN1+ FIB,LGALS9,CD44,0.013091907687460165,0.0,LGALS9_CD44,LGALS9 - CD44,GALECTIN,Secreted Signaling,PMID: 25065622
Inflam. DC,Inflam. FIB,LGALS9,CD44,0.013620483578060142,0.0,LGALS9_CD44,LGALS9 - CD44,GALECTIN,Secreted Signaling,PMID: 25065622
Inflam. DC,cDC1,LGALS9,CD44,0.0120397088928494,0.0,LGALS9_CD44,LGALS9 - CD44,GALECTIN,Secreted Signaling,PMID: 25065622
Inflam. DC,cDC2,LGALS9,CD44,0.01738235481714959,0.0,LGALS9_CD44,LGALS9 - CD44,GALECTIN,Secreted Signaling,PMID: 25065622
Inflam. DC,LC,LGALS9,CD44,0.01712007048686215,0.0,LGALS9_CD44,LGALS9 - CD44,GALECTIN,Secreted Signaling,PMID: 25065622
Inflam. DC,Inflam. DC,LGALS9,CD44,0.012377818755531364,0.0,LGALS9_CD44,LGALS9 - CD44,GALECTIN,Secreted Signaling,PMID: 25065622
Inflam. DC,TC,LGALS9,CD44,0.006200725045007886,0.0,LGALS9_CD44,LGALS9 - CD44,GALECTIN,Secreted Signaling,PMID: 25065622
Inflam. DC,Inflam. TC,LGALS9,CD44,0.012839268842968248,0.0,LGALS9_CD44,LGALS9 - CD44,GALECTIN,Secreted Signaling,PMID: 25065622
Inflam. DC,CD40LG+ TC,LGALS9,CD44,0.01583483319788398,0.0,LGALS9_CD44,LGALS9 - CD44,GALECTIN,Secreted Signaling,PMID: 25065622
Inflam. DC,NKT,LGALS9,CD44,0.005858236092846514,0.0,LGALS9_CD44,LGALS9 - CD44,GALECTIN,Secreted Signaling,PMID: 25065622
APOE+ FIB,cDC2,ANXA1,FPR3,0.06698356114597531,0.0,ANXA1_FPR3,ANXA1 - FPR3,ANNEXIN,Secreted Signaling,PMID: 33082511
APOE+ FIB,LC,ANXA1,FPR3,0.041647455045564274,0.0,ANXA1_FPR3,ANXA1 - FPR3,ANNEXIN,Secreted Signaling,PMID: 33082511
FBN1+ FIB,cDC2,ANXA1,FPR3,0.07778362385814834,0.0,ANXA1_FPR3,ANXA1 - FPR3,ANNEXIN,Secreted Signaling,PMID: 33082511
FBN1+ FIB,LC,ANXA1,FPR3,0.04857514076493971,0.0,ANXA1_FPR3,ANXA1 - FPR3,ANNEXIN,Secreted Signaling,PMID: 33082511
COL11A1+ FIB,cDC2,ANXA1,FPR3,0.021196212996054467,0.0,ANXA1_FPR3,ANXA1 - FPR3,ANNEXIN,Secreted Signaling,PMID: 33082511
COL11A1+ FIB,LC,ANXA1,FPR3,0.012938710170272599,0.0,ANXA1_FPR3,ANXA1 - FPR3,ANNEXIN,Secreted Signaling,PMID: 33082511
Inflam. FIB,cDC2,ANXA1,FPR3,0.06362228780430168,0.0,ANXA1_FPR3,ANXA1 - FPR3,ANNEXIN,Secreted Signaling,PMID: 33082511
Inflam. FIB,LC,ANXA1,FPR3,0.03950373198349251,0.0,ANXA1_FPR3,ANXA1 - FPR3,ANNEXIN,Secreted Signaling,PMID: 33082511
cDC1,cDC2,ANXA1,FPR3,0.07896284144776382,0.0,ANXA1_FPR3,ANXA1 - FPR3,ANNEXIN,Secreted Signaling,PMID: 33082511
cDC1,LC,ANXA1,FPR3,0.04933523963620133,0.0,ANXA1_FPR3,ANXA1 - FPR3,ANNEXIN,Secreted Signaling,PMID: 33082511
cDC2,cDC2,ANXA1,FPR3,0.08619329817450393,0.0,ANXA1_FPR3,ANXA1 - FPR3,ANNEXIN,Secreted Signaling,PMID: 33082511
cDC2,LC,ANXA1,FPR3,0.05401185401894307,0.0,ANXA1_FPR3,ANXA1 - FPR3,ANNEXIN,Secreted Signaling,PMID: 33082511
LC,cDC2,ANXA1,FPR3,0.0715911589124525,0.0,ANXA1_FPR3,ANXA1 - FPR3,ANNEXIN,Secreted Signaling,PMID: 33082511
LC,LC,ANXA1,FPR3,0.044595558926630814,0.0,ANXA1_FPR3,ANXA1 - FPR3,ANNEXIN,Secreted Signaling,PMID: 33082511
Inflam. DC,cDC2,ANXA1,FPR3,0.013357246614657994,0.0,ANXA1_FPR3,ANXA1 - FPR3,ANNEXIN,Secreted Signaling,PMID: 33082511
Inflam. DC,LC,ANXA1,FPR3,0.008128244667335945,0.0,ANXA1_FPR3,ANXA1 - FPR3,ANNEXIN,Secreted Signaling,PMID: 33082511
TC,cDC2,ANXA1,FPR3,0.07850759711465188,0.0,ANXA1_FPR3,ANXA1 - FPR3,ANNEXIN,Secreted Signaling,PMID: 33082511
TC,LC,ANXA1,FPR3,0.04904171217973964,0.0,ANXA1_FPR3,ANXA1 - FPR3,ANNEXIN,Secreted Signaling,PMID: 33082511
Inflam. TC,cDC2,ANXA1,FPR3,0.0615433924278704,0.0,ANXA1_FPR3,ANXA1 - FPR3,ANNEXIN,Secreted Signaling,PMID: 33082511
Inflam. TC,LC,ANXA1,FPR3,0.03818079021701531,0.0,ANXA1_FPR3,ANXA1 - FPR3,ANNEXIN,Secreted Signaling,PMID: 33082511
CD40LG+ TC,cDC2,ANXA1,FPR3,0.08167138210778067,0.0,ANXA1_FPR3,ANXA1 - FPR3,ANNEXIN,Secreted Signaling,PMID: 33082511
CD40LG+ TC,LC,ANXA1,FPR3,0.05108387614445122,0.0,ANXA1_FPR3,ANXA1 - FPR3,ANNEXIN,Secreted Signaling,PMID: 33082511
NKT,cDC2,ANXA1,FPR3,0.07788083660959652,0.0,ANXA1_FPR3,ANXA1 - FPR3,ANNEXIN,Secreted Signaling,PMID: 33082511
NKT,LC,ANXA1,FPR3,0.04863777445319834,0.0,ANXA1_FPR3,ANXA1 - FPR3,ANNEXIN,Secreted Signaling,PMID: 33082511
COL11A1+ FIB,cDC2,IGFBP3,TMEM219,0.009011969601404175,0.0,IGFBP3_TMEM219,IGFBP3 - TMEM219,IGFBP,Secreted Signaling,PMID:20353938
COL11A1+ FIB,LC,IGFBP3,TMEM219,0.006487629693232484,0.0,IGFBP3_TMEM219,IGFBP3 - TMEM219,IGFBP,Secreted Signaling,PMID:20353938
cDC2,APOE+ FIB,LGALS9,P4HB,0.0021938196257765504,0.0,LGALS9_P4HB,LGALS9 - P4HB,GALECTIN,Secreted Signaling,PMID:21670307;uniprot
cDC2,FBN1+ FIB,LGALS9,P4HB,0.004006636206970573,0.0,LGALS9_P4HB,LGALS9 - P4HB,GALECTIN,Secreted Signaling,PMID:21670307;uniprot
cDC2,Inflam. FIB,LGALS9,P4HB,0.00396063810514765,0.0,LGALS9_P4HB,LGALS9 - P4HB,GALECTIN,Secreted Signaling,PMID:21670307;uniprot
cDC2,cDC1,LGALS9,P4HB,0.0020992545331357097,0.0,LGALS9_P4HB,LGALS9 - P4HB,GALECTIN,Secreted Signaling,PMID:21670307;uniprot
cDC2,cDC2,LGALS9,P4HB,0.0032530243502188567,0.0,LGALS9_P4HB,LGALS9 - P4HB,GALECTIN,Secreted Signaling,PMID:21670307;uniprot
cDC2,LC,LGALS9,P4HB,0.009175905802450085,0.0,LGALS9_P4HB,LGALS9 - P4HB,GALECTIN,Secreted Signaling,PMID:21670307;uniprot
cDC2,Inflam. DC,LGALS9,P4HB,0.0026407040889971254,0.0,LGALS9_P4HB,LGALS9 - P4HB,GALECTIN,Secreted Signaling,PMID:21670307;uniprot
cDC2,Inflam. TC,LGALS9,P4HB,0.0027861606554674956,0.0,LGALS9_P4HB,LGALS9 - P4HB,GALECTIN,Secreted Signaling,PMID:21670307;uniprot
LC,APOE+ FIB,LGALS9,P4HB,0.0016310058806399683,0.0,LGALS9_P4HB,LGALS9 - P4HB,GALECTIN,Secreted Signaling,PMID:21670307;uniprot
LC,FBN1+ FIB,LGALS9,P4HB,0.0029801422128216304,0.0,LGALS9_P4HB,LGALS9 - P4HB,GALECTIN,Secreted Signaling,PMID:21670307;uniprot
LC,Inflam. FIB,LGALS9,P4HB,0.002945893897521391,0.0,LGALS9_P4HB,LGALS9 - P4HB,GALECTIN,Secreted Signaling,PMID:21670307;uniprot
LC,cDC1,LGALS9,P4HB,0.0015606630568934447,0.0,LGALS9_P4HB,LGALS9 - P4HB,GALECTIN,Secreted Signaling,PMID:21670307;uniprot
LC,cDC2,LGALS9,P4HB,0.0024191355956486743,0.0,LGALS9_P4HB,LGALS9 - P4HB,GALECTIN,Secreted Signaling,PMID:21670307;uniprot
LC,LC,LGALS9,P4HB,0.006834140203262333,0.0,LGALS9_P4HB,LGALS9 - P4HB,GALECTIN,Secreted Signaling,PMID:21670307;uniprot
LC,Inflam. DC,LGALS9,P4HB,0.0019634699092851236,0.0,LGALS9_P4HB,LGALS9 - P4HB,GALECTIN,Secreted Signaling,PMID:21670307;uniprot
LC,Inflam. TC,LGALS9,P4HB,0.0020717002150874918,0.0,LGALS9_P4HB,LGALS9 - P4HB,GALECTIN,Secreted Signaling,PMID:21670307;uniprot
Inflam. DC,APOE+ FIB,LGALS9,P4HB,0.002373469917342949,0.0,LGALS9_P4HB,LGALS9 - P4HB,GALECTIN,Secreted Signaling,PMID:21670307;uniprot
Inflam. DC,FBN1+ FIB,LGALS9,P4HB,0.004334091916696641,0.0,LGALS9_P4HB,LGALS9 - P4HB,GALECTIN,Secreted Signaling,PMID:21670307;uniprot
Inflam. DC,Inflam. FIB,LGALS9,P4HB,0.00428435063771578,0.0,LGALS9_P4HB,LGALS9 - P4HB,GALECTIN,Secreted Signaling,PMID:21670307;uniprot
Inflam. DC,cDC1,LGALS9,P4HB,0.002271178584503164,0.0,LGALS9_P4HB,LGALS9 - P4HB,GALECTIN,Secreted Signaling,PMID:21670307;uniprot
Inflam. DC,cDC2,LGALS9,P4HB,0.003519106235733209,0.0,LGALS9_P4HB,LGALS9 - P4HB,GALECTIN,Secreted Signaling,PMID:21670307;uniprot
Inflam. DC,LC,LGALS9,P4HB,0.009921628803946106,0.0,LGALS9_P4HB,LGALS9 - P4HB,GALECTIN,Secreted Signaling,PMID:21670307;uniprot
Inflam. DC,Inflam. DC,LGALS9,P4HB,0.002856844647611825,0.0,LGALS9_P4HB,LGALS9 - P4HB,GALECTIN,Secreted Signaling,PMID:21670307;uniprot
Inflam. DC,Inflam. TC,LGALS9,P4HB,0.0030141707946428294,0.0,LGALS9_P4HB,LGALS9 - P4HB,GALECTIN,Secreted Signaling,PMID:21670307;uniprot
APOE+ FIB,LC,PPIA,BSG,0.01208025829210095,0.03,PPIA_BSG,PPIA - BSG,CypA,Secreted Signaling,PMID: 36012604
FBN1+ FIB,LC,PPIA,BSG,0.012850237400193485,0.03,PPIA_BSG,PPIA - BSG,CypA,Secreted Signaling,PMID: 36012604
Inflam. FIB,FBN1+ FIB,PPIA,BSG,0.01530343723990722,0.0,PPIA_BSG,PPIA - BSG,CypA,Secreted Signaling,PMID: 36012604
Inflam. FIB,Inflam. FIB,PPIA,BSG,0.014699162972587358,0.03,PPIA_BSG,PPIA - BSG,CypA,Secreted Signaling,PMID: 36012604
Inflam. FIB,LC,PPIA,BSG,0.029583718653963344,0.0,PPIA_BSG,PPIA - BSG,CypA,Secreted Signaling,PMID: 36012604
Inflam. FIB,Inflam. TC,PPIA,BSG,0.016338902633642054,0.0,PPIA_BSG,PPIA - BSG,CypA,Secreted Signaling,PMID: 36012604
cDC1,FBN1+ FIB,PPIA,BSG,0.019349358607772923,0.0,PPIA_BSG,PPIA - BSG,CypA,Secreted Signaling,PMID: 36012604
cDC1,Inflam. FIB,PPIA,BSG,0.018588342151592854,0.0,PPIA_BSG,PPIA - BSG,CypA,Secreted Signaling,PMID: 36012604
cDC1,LC,PPIA,BSG,0.03726219278142421,0.0,PPIA_BSG,PPIA - BSG,CypA,Secreted Signaling,PMID: 36012604
cDC1,Inflam. TC,PPIA,BSG,0.020652838538118605,0.0,PPIA_BSG,PPIA - BSG,CypA,Secreted Signaling,PMID: 36012604
cDC1,NKT,PPIA,BSG,0.017855917527920876,0.05,PPIA_BSG,PPIA - BSG,CypA,Secreted Signaling,PMID: 36012604
cDC2,FBN1+ FIB,PPIA,BSG,0.02530469806733253,0.0,PPIA_BSG,PPIA - BSG,CypA,Secreted Signaling,PMID: 36012604
cDC2,Inflam. FIB,PPIA,BSG,0.024315263833803627,0.0,PPIA_BSG,PPIA - BSG,CypA,Secreted Signaling,PMID: 36012604
cDC2,cDC2,PPIA,BSG,0.020070474215478046,0.0,PPIA_BSG,PPIA - BSG,CypA,Secreted Signaling,PMID: 36012604
cDC2,LC,PPIA,BSG,0.048458306632968386,0.0,PPIA_BSG,PPIA - BSG,CypA,Secreted Signaling,PMID: 36012604
cDC2,Inflam. DC,PPIA,BSG,0.019163412001455632,0.01,PPIA_BSG,PPIA - BSG,CypA,Secreted Signaling,PMID: 36012604
cDC2,Inflam. TC,PPIA,BSG,0.026998317613037878,0.0,PPIA_BSG,PPIA - BSG,CypA,Secreted Signaling,PMID: 36012604
cDC2,NKT,PPIA,BSG,0.02336255666886981,0.0,PPIA_BSG,PPIA - BSG,CypA,Secreted Signaling,PMID: 36012604
LC,FBN1+ FIB,PPIA,BSG,0.0244011537834626,0.0,PPIA_BSG,PPIA - BSG,CypA,Secreted Signaling,PMID: 36012604
LC,Inflam. FIB,PPIA,BSG,0.02344619902164107,0.0,PPIA_BSG,PPIA - BSG,CypA,Secreted Signaling,PMID: 36012604
LC,cDC2,PPIA,BSG,0.019350115822946722,0.0,PPIA_BSG,PPIA - BSG,CypA,Secreted Signaling,PMID: 36012604
LC,LC,PPIA,BSG,0.04676769446235764,0.0,PPIA_BSG,PPIA - BSG,CypA,Secreted Signaling,PMID: 36012604
LC,Inflam. DC,PPIA,BSG,0.018474995598878503,0.01,PPIA_BSG,PPIA - BSG,CypA,Secreted Signaling,PMID: 36012604
LC,Inflam. TC,PPIA,BSG,0.026035915319002238,0.0,PPIA_BSG,PPIA - BSG,CypA,Secreted Signaling,PMID: 36012604
LC,NKT,PPIA,BSG,0.022526756891970038,0.0,PPIA_BSG,PPIA - BSG,CypA,Secreted Signaling,PMID: 36012604
Inflam. DC,FBN1+ FIB,PPIA,BSG,0.019919758200012596,0.0,PPIA_BSG,PPIA - BSG,CypA,Secreted Signaling,PMID: 36012604
Inflam. DC,Inflam. FIB,PPIA,BSG,0.01913674553019203,0.0,PPIA_BSG,PPIA - BSG,CypA,Secreted Signaling,PMID: 36012604
Inflam. DC,LC,PPIA,BSG,0.03833999968089956,0.0,PPIA_BSG,PPIA - BSG,CypA,Secreted Signaling,PMID: 36012604
Inflam. DC,Inflam. TC,PPIA,BSG,0.02126083033244063,0.0,PPIA_BSG,PPIA - BSG,CypA,Secreted Signaling,PMID: 36012604
Inflam. DC,NKT,PPIA,BSG,0.018383117270226863,0.05,PPIA_BSG,PPIA - BSG,CypA,Secreted Signaling,PMID: 36012604
TC,LC,PPIA,BSG,0.017758361779158193,0.0,PPIA_BSG,PPIA - BSG,CypA,Secreted Signaling,PMID: 36012604
Inflam. TC,FBN1+ FIB,PPIA,BSG,0.024452692706271564,0.0,PPIA_BSG,PPIA - BSG,CypA,Secreted Signaling,PMID: 36012604
Inflam. TC,Inflam. FIB,PPIA,BSG,0.023495769512232683,0.0,PPIA_BSG,PPIA - BSG,CypA,Secreted Signaling,PMID: 36012604
Inflam. TC,cDC2,PPIA,BSG,0.019391198240918818,0.0,PPIA_BSG,PPIA - BSG,CypA,Secreted Signaling,PMID: 36012604
Inflam. TC,LC,PPIA,BSG,0.04686420558801786,0.0,PPIA_BSG,PPIA - BSG,CypA,Secreted Signaling,PMID: 36012604
Inflam. TC,Inflam. DC,PPIA,BSG,0.01851425511844771,0.0,PPIA_BSG,PPIA - BSG,CypA,Secreted Signaling,PMID: 36012604
Inflam. TC,Inflam. TC,PPIA,BSG,0.02609081476386996,0.0,PPIA_BSG,PPIA - BSG,CypA,Secreted Signaling,PMID: 36012604
Inflam. TC,NKT,PPIA,BSG,0.022574428413106903,0.0,PPIA_BSG,PPIA - BSG,CypA,Secreted Signaling,PMID: 36012604
CD40LG+ TC,LC,PPIA,BSG,0.017333052379115484,0.01,PPIA_BSG,PPIA - BSG,CypA,Secreted Signaling,PMID: 36012604
NKT,FBN1+ FIB,PPIA,BSG,0.023701676931595778,0.0,PPIA_BSG,PPIA - BSG,CypA,Secreted Signaling,PMID: 36012604
NKT,Inflam. FIB,PPIA,BSG,0.022773457639945215,0.0,PPIA_BSG,PPIA - BSG,CypA,Secreted Signaling,PMID: 36012604
NKT,cDC2,PPIA,BSG,0.018792641579548127,0.01,PPIA_BSG,PPIA - BSG,CypA,Secreted Signaling,PMID: 36012604
NKT,LC,PPIA,BSG,0.04545693824199547,0.0,PPIA_BSG,PPIA - BSG,CypA,Secreted Signaling,PMID: 36012604
NKT,Inflam. DC,PPIA,BSG,0.01794227216356819,0.05,PPIA_BSG,PPIA - BSG,CypA,Secreted Signaling,PMID: 36012604
NKT,Inflam. TC,PPIA,BSG,0.025290791647144432,0.0,PPIA_BSG,PPIA - BSG,CypA,Secreted Signaling,PMID: 36012604
NKT,NKT,PPIA,BSG,0.021879805965819562,0.0,PPIA_BSG,PPIA - BSG,CypA,Secreted Signaling,PMID: 36012604
