source,target,pathway_name,prob,pval
FIB,FIB,COLLAGEN,0.009303495192020114,0.0
FIB,ENDO,COLLAGEN,0.005486275220030562,0.0
FIB,SM,COLLAGEN,0.017355209539792617,0.0
FIB,EG,COLLAGEN,0.0841292876410982,0.0
FIB,Keratinocyte,COLLAGEN,0.03742454092708647,0.0
FIB,Immune,COLLAGEN,0.0006584992763587617,0.0
ENDO,FIB,COLLAGEN,0.008136544288835753,0.0
ENDO,ENDO,COLLAGEN,0.007686871912037627,0.0
ENDO,SM,COLLAGEN,0.008805839651705501,0.0
ENDO,EG,COLLAGEN,0.0030843384145131146,0.0
ENDO,Keratinocyte,COLLAGEN,0.0015621239620307091,0.0
SM,FIB,COLLAGEN,0.008176072632455662,0.0
SM,ENDO,COLLAGEN,0.006171426038351086,0.0
SM,SM,COLLAGEN,0.11740591563436995,0.0
SM,EG,COLLAGEN,0.05027514997742998,0.0
SM,Keratinocyte,COLLAGEN,0.0008312680459201179,0.0
EG,FIB,COLLAGEN,0.011078749967874455,0.0
EG,ENDO,COLLAGEN,0.0463827730321457,0.0
EG,SM,COLLAGEN,0.027152444927425176,0.0
EG,EG,COLLAGEN,0.18505960252299797,0.0
EG,Keratinocyte,COLLAGEN,0.001226211549797504,0.0
EG,Immune,COLLAGEN,0.003863790025893122,0.0
Keratinocyte,EG,COLLAGEN,0.0016920173953285382,0.0
Keratinocyte,Immune,COLLAGEN,0.00013871288674148854,0.0
Immune,ENDO,COLLAGEN,0.0006897006280885258,0.0
Immune,EG,COLLAGEN,0.005043043621795913,0.0
Immune,Keratinocyte,COLLAGEN,0.02581237213993821,0.0
Immune,Immune,COLLAGEN,0.000203414494593131,0.0
FIB,FIB,LAMININ,0.0067587139877996775,0.0
FIB,ENDO,LAMININ,0.01287303631569484,0.0
FIB,SM,LAMININ,0.011671163807436416,0.0
FIB,EG,LAMININ,0.011534540051460707,0.0
FIB,Keratinocyte,LAMININ,0.009960370854367092,0.0
ENDO,FIB,LAMININ,0.0014770178283956368,0.0
ENDO,ENDO,LAMININ,0.002974403352058638,0.0
ENDO,SM,LAMININ,0.004386743245818897,0.0
ENDO,EG,LAMININ,0.004512319112338917,0.0
ENDO,Keratinocyte,LAMININ,0.006698706936154854,0.0
SM,FIB,LAMININ,0.0016680330132654664,0.0
SM,ENDO,LAMININ,0.01209286570923061,0.0
SM,SM,LAMININ,0.10185805782444382,0.0
SM,EG,LAMININ,0.044295811615351004,0.0
SM,Keratinocyte,LAMININ,0.0015137933800625416,0.0
EG,FIB,LAMININ,0.008220045284793134,0.0
EG,ENDO,LAMININ,0.026474176262767633,0.0
EG,SM,LAMININ,0.029265777497294584,0.0
EG,EG,LAMININ,0.09913092856379097,0.0
EG,Keratinocyte,LAMININ,0.012685332353611592,0.0
EG,Immune,LAMININ,0.0070390114833386525,0.0
Keratinocyte,SM,LAMININ,0.005106845482340715,0.0
Keratinocyte,EG,LAMININ,0.003846132111465267,0.0
Immune,ENDO,LAMININ,0.004416070252788711,0.0
Immune,SM,LAMININ,0.002392249086582244,0.0
Immune,EG,LAMININ,0.010496469830666781,0.0
Immune,Keratinocyte,LAMININ,0.0015918913755998076,0.0
FIB,SM,THBS,0.0006147546675989323,0.0
FIB,EG,THBS,0.015885178102666778,0.0
FIB,Keratinocyte,THBS,0.0047003020481041075,0.0
ENDO,FIB,THBS,0.0007521735838377594,0.0
ENDO,SM,THBS,0.000583916970087857,0.0
ENDO,EG,THBS,0.002473105185840532,0.0
SM,FIB,THBS,0.0011890437975189344,0.0
SM,SM,THBS,0.006341861126645897,0.0
SM,EG,THBS,0.013769486084980624,0.0
EG,FIB,THBS,0.004732526689599354,0.0
EG,SM,THBS,0.006749988912333696,0.0
EG,EG,THBS,0.0409024583250462,0.0
EG,Keratinocyte,THBS,0.0022808466664086453,0.0
EG,Immune,THBS,0.0014872009237764565,0.0
Keratinocyte,Keratinocyte,THBS,0.008403300207567065,0.0
Immune,Keratinocyte,THBS,0.009092679456400623,0.0
FIB,FIB,ncWNT,0.0026581166738129823,0.0
FIB,ENDO,ncWNT,0.009893759314360777,0.0
FIB,SM,ncWNT,0.0011646879827650087,0.0
FIB,EG,ncWNT,0.003089010256087456,0.0
ENDO,FIB,ncWNT,0.0003253203232170586,0.0
ENDO,ENDO,ncWNT,0.0004458979181527073,0.0
SM,FIB,ncWNT,0.0021042504042834546,0.0
SM,ENDO,ncWNT,0.0015782248160796425,0.0
SM,SM,ncWNT,0.023695858371232247,0.0
SM,EG,ncWNT,0.0035393807692004316,0.0
SM,Immune,ncWNT,0.0013538342917704944,0.0
EG,FIB,ncWNT,0.0010825134735462098,0.0
EG,ENDO,ncWNT,0.00652423474548266,0.0
EG,SM,ncWNT,0.004534474414071741,0.0
EG,EG,ncWNT,0.009399215573628217,0.0
EG,Keratinocyte,ncWNT,0.000667865731307936,0.0
EG,Immune,ncWNT,0.0003535121026425268,0.0
Keratinocyte,ENDO,ncWNT,0.0006326657769519681,0.0
Keratinocyte,SM,ncWNT,0.002086223985535105,0.0
Keratinocyte,EG,ncWNT,0.004538867961167756,0.0
Keratinocyte,Immune,ncWNT,0.00023321481879500557,0.0
Immune,ENDO,ncWNT,0.000430792833727638,0.0
Immune,EG,ncWNT,0.0026163918563287484,0.0
Immune,Immune,ncWNT,0.0005516403162398684,0.0
FIB,FIB,SEMA3,0.0022432240720823195,0.0
FIB,ENDO,SEMA3,0.002520774078211668,0.0
FIB,SM,SEMA3,0.002469837961023866,0.0
FIB,EG,SEMA3,0.0005052292561669813,0.0
ENDO,FIB,SEMA3,0.0007560220253189395,0.0
ENDO,ENDO,SEMA3,0.001987660442627816,0.0
ENDO,SM,SEMA3,0.0037155783596487324,0.0
ENDO,EG,SEMA3,0.002533310763743727,0.0
ENDO,Immune,SEMA3,0.0004321151185437301,0.0
SM,FIB,SEMA3,0.007186420786360192,0.0
SM,ENDO,SEMA3,0.004174683551101487,0.0
SM,SM,SEMA3,0.0227776907823997,0.0
SM,Immune,SEMA3,0.001049847502131009,0.0
EG,FIB,SEMA3,0.0015294694340645745,0.0
EG,ENDO,SEMA3,0.0006133997719511343,0.0
EG,SM,SEMA3,0.002546306844681745,0.0
EG,EG,SEMA3,0.0038010053430386427,0.0
EG,Keratinocyte,SEMA3,0.0029551246368243033,0.0
EG,Immune,SEMA3,0.0006117320382108502,0.0
Keratinocyte,ENDO,SEMA3,0.0010053247275490524,0.0
Keratinocyte,SM,SEMA3,0.003361209567126365,0.0
Keratinocyte,EG,SEMA3,0.00021546921196333963,0.0
Immune,ENDO,SEMA3,0.0006461543249142171,0.0
Immune,EG,SEMA3,0.0038440665732491957,0.0
FIB,SM,TENASCIN,0.001091383621564814,0.0
FIB,EG,TENASCIN,0.009735910535835685,0.0
ENDO,FIB,TENASCIN,0.0006442315439271526,0.0
SM,FIB,TENASCIN,0.0014339215515203592,0.0
SM,ENDO,TENASCIN,0.0006936269919977509,0.0
SM,SM,TENASCIN,0.009090253002123292,0.0
SM,EG,TENASCIN,0.013674472568233618,0.0
EG,FIB,TENASCIN,0.004044547621613514,0.0
EG,ENDO,TENASCIN,0.0009050142270755115,0.0
EG,EG,TENASCIN,0.019610259716133564,0.0
Keratinocyte,SM,TENASCIN,0.001594606729814782,0.0
Keratinocyte,EG,TENASCIN,0.0012391028709192713,0.0
Immune,EG,TENASCIN,0.0013869768760671726,0.0
FIB,Immune,MHC-I,0.00014296514541262503,0.0
ENDO,ENDO,MHC-I,0.0006156061379077749,0.0
ENDO,Keratinocyte,MHC-I,0.0043256399457506315,0.0
ENDO,Immune,MHC-I,0.004430405522639873,0.0
SM,SM,MHC-I,0.02950235692224453,0.0
SM,Immune,MHC-I,0.002385506101583141,0.0
EG,FIB,MHC-I,0.0008091862489188011,0.0
EG,EG,MHC-I,0.009889104865454936,0.0
Keratinocyte,ENDO,MHC-I,0.004171452125371891,0.0
Immune,FIB,MHC-I,0.00014296514541262503,0.0
Immune,ENDO,MHC-I,0.004285283096049734,0.0
Immune,SM,MHC-I,0.001273012228407822,0.0
Immune,Immune,MHC-I,0.0006520080023372159,0.0
FIB,SM,DESMOSOME,0.0016635577552559788,0.0
FIB,EG,DESMOSOME,0.0033179433718160153,0.0
ENDO,Keratinocyte,DESMOSOME,0.000807550697194456,0.0
ENDO,Immune,DESMOSOME,0.0007071613592819004,0.0
SM,FIB,DESMOSOME,0.0016635577552559788,0.0
SM,EG,DESMOSOME,0.0012591824975654285,0.0
EG,FIB,DESMOSOME,0.0033179433718160153,0.0
EG,SM,DESMOSOME,0.0012591824975654285,0.0
EG,EG,DESMOSOME,0.006067424072836466,0.0
Keratinocyte,ENDO,DESMOSOME,0.000807550697194456,0.0
Keratinocyte,Keratinocyte,DESMOSOME,0.034954162167658696,0.0
Keratinocyte,Immune,DESMOSOME,0.0024574829295684643,0.0
Immune,ENDO,DESMOSOME,0.0007071613592819004,0.0
Immune,Keratinocyte,DESMOSOME,0.0024574829295684643,0.0
FIB,FIB,CCL,0.0008722490633221247,0.0
FIB,ENDO,CCL,0.0010739091205123972,0.0
FIB,SM,CCL,0.0010437710918110063,0.0
FIB,EG,CCL,0.0005043714379710538,0.0
ENDO,FIB,CCL,0.0009983590543038226,0.0
ENDO,ENDO,CCL,0.003158394315747815,0.0
ENDO,SM,CCL,0.0004604005161845966,0.0
ENDO,EG,CCL,0.0007376388609791996,0.0
ENDO,Keratinocyte,CCL,0.0006875428406422815,0.0
ENDO,Immune,CCL,0.0009567877445221282,0.0
SM,FIB,CCL,0.0019509505626247412,0.0
SM,ENDO,CCL,0.0015782031501045454,0.0
SM,SM,CCL,0.007345096146232974,0.0
SM,EG,CCL,0.0026445057069353862,0.0
SM,Immune,CCL,0.002594449613354969,0.0
EG,FIB,CCL,0.0030615445576626446,0.0
EG,ENDO,CCL,0.0015579634911285197,0.0
EG,SM,CCL,0.0038350557359654487,0.0
EG,EG,CCL,0.009523475404529622,0.0
EG,Immune,CCL,0.0003927797439698525,0.0
Keratinocyte,ENDO,CCL,0.0004269967589089044,0.0
Keratinocyte,SM,CCL,0.001402313300220389,0.0
Keratinocyte,Immune,CCL,0.0009566605873597302,0.0
Immune,ENDO,CCL,0.001960032492905018,0.0
Immune,SM,CCL,0.0014757712086276,0.0
Immune,Keratinocyte,CCL,0.000333004659167443,0.0
Immune,Immune,CCL,0.004787954686857315,0.0
FIB,FIB,NOTCH,0.003965278389005302,0.0
FIB,SM,NOTCH,0.000569927751913076,0.0
FIB,Immune,NOTCH,0.000564786208678485,0.0
ENDO,ENDO,NOTCH,0.0010217590842897589,0.0
ENDO,SM,NOTCH,0.0034124091109384476,0.0
ENDO,Immune,NOTCH,0.0009302758210110927,0.0
SM,FIB,NOTCH,0.0008861432371161784,0.0
SM,ENDO,NOTCH,0.0034124091109384476,0.0
SM,SM,NOTCH,0.010420945423247365,0.0
SM,EG,NOTCH,0.0003480037332825999,0.0
SM,Immune,NOTCH,0.0016928314740190069,0.0
EG,SM,NOTCH,0.0003480037332825999,0.0
EG,EG,NOTCH,0.015197427178884317,0.0
EG,Keratinocyte,NOTCH,0.0005761107782836612,0.0
EG,Immune,NOTCH,0.0036850424553865765,0.0
Keratinocyte,EG,NOTCH,0.0005761107782836613,0.0
Immune,FIB,NOTCH,0.000564786208678485,0.0
Immune,ENDO,NOTCH,0.0009302758210110927,0.0
Immune,SM,NOTCH,0.0008099123059328328,0.0
Immune,EG,NOTCH,0.0036850424553865765,0.0
FIB,EG,FN1,0.0024866713795056177,0.0
FIB,Keratinocyte,FN1,0.005122260318179877,0.0
SM,FIB,FN1,0.0025073549707434325,0.0
SM,SM,FN1,0.011933332281724397,0.0
SM,EG,FN1,0.010520677300908115,0.0
EG,FIB,FN1,0.0013917153420840785,0.0
EG,ENDO,FN1,0.0008549976645293219,0.0
EG,SM,FN1,0.003851989820487942,0.0
EG,EG,FN1,0.013825078146536036,0.0
FIB,SM,MHC-II,0.002595323096024588,0.0
FIB,Immune,MHC-II,0.00015116986032420634,0.0
ENDO,Immune,MHC-II,0.003644543419737507,0.0
SM,FIB,MHC-II,0.002595323096024588,0.0
EG,EG,MHC-II,0.022430788082381393,0.0
Keratinocyte,Immune,MHC-II,0.0023114794466873117,0.0
Immune,FIB,MHC-II,0.00015116986032420637,0.0
Immune,ENDO,MHC-II,0.003644543419737507,0.0
Immune,Keratinocyte,MHC-II,0.0023114794466873117,0.0
Immune,Immune,MHC-II,0.006386563301533743,0.0
FIB,FIB,CXCL,0.000711590005422704,0.0
FIB,ENDO,CXCL,0.002322509798263006,0.0
FIB,SM,CXCL,0.0005429322733774734,0.0
FIB,EG,CXCL,0.0023224462042292747,0.0
ENDO,FIB,CXCL,0.001930049427698269,0.0
ENDO,ENDO,CXCL,0.0033418022239489467,0.0
ENDO,SM,CXCL,0.0009389992700110153,0.0
ENDO,Immune,CXCL,0.0030563590178239865,0.0
SM,FIB,CXCL,0.0018083724757245597,0.0
SM,SM,CXCL,0.0035107231257799527,0.0
SM,EG,CXCL,0.0018621406422992168,0.0
EG,FIB,CXCL,0.003876155567786399,0.0
EG,ENDO,CXCL,0.000915019050032475,0.0
EG,SM,CXCL,0.0038568797773458714,0.0
EG,EG,CXCL,0.007532309299651869,0.0
Keratinocyte,Keratinocyte,CXCL,5.4893044051825086e-05,0.0
Keratinocyte,Immune,CXCL,0.0001496084966081447,0.0
Immune,FIB,CXCL,0.0012608030035976036,0.0
Immune,ENDO,CXCL,0.0007453251126586733,0.0
Immune,EG,CXCL,0.0005362151281571642,0.0
Immune,Keratinocyte,CXCL,8.781886726968519e-05,0.0
Immune,Immune,CXCL,0.0013680003231391737,0.0
FIB,FIB,ANGPTL,0.0020671709703455068,0.0
FIB,SM,ANGPTL,0.0033096622616526792,0.0
FIB,EG,ANGPTL,0.0029986545459064822,0.0
ENDO,SM,ANGPTL,0.0010108962253047432,0.0
SM,FIB,ANGPTL,0.002689091988787199,0.0
SM,SM,ANGPTL,0.010758519998059898,0.0
SM,EG,ANGPTL,0.0006406253733460028,0.0
EG,ENDO,ANGPTL,0.0007792622771355304,0.0
EG,SM,ANGPTL,0.008249511480701313,0.0
EG,EG,ANGPTL,0.003057029144085537,0.0
Keratinocyte,EG,ANGPTL,0.0010679181511291588,0.0
Keratinocyte,Keratinocyte,ANGPTL,0.003469488552641249,0.0
Immune,EG,ANGPTL,0.0007927884247929274,0.0
Immune,Keratinocyte,ANGPTL,0.0011408006737378131,0.0
FIB,FIB,EPHB,0.0008933236695445289,0.0
FIB,ENDO,EPHB,0.0005718764142921662,0.0
FIB,SM,EPHB,0.0010868354504193984,0.0
ENDO,FIB,EPHB,0.0005718764142921662,0.0
ENDO,SM,EPHB,0.0011800883301108368,0.0
ENDO,Keratinocyte,EPHB,7.479776656217628e-05,0.0
ENDO,Immune,EPHB,0.004831213652915068,0.0
SM,FIB,EPHB,0.0010868354504193984,0.0
SM,ENDO,EPHB,0.0011800883301108368,0.0
SM,SM,EPHB,0.011180210818914547,0.0
SM,Immune,EPHB,0.0008340673500429195,0.0
EG,EG,EPHB,0.006962381761846196,0.0
Keratinocyte,ENDO,EPHB,0.000712356444384255,0.0
Keratinocyte,Keratinocyte,EPHB,0.0011503789906305334,0.0
Keratinocyte,Immune,EPHB,0.0003346866591150674,0.0
Immune,ENDO,EPHB,0.004831213652915068,0.0
Immune,SM,EPHB,0.0012895678347842805,0.0
Immune,Keratinocyte,EPHB,0.0003346866591150674,0.0
Immune,Immune,EPHB,0.0022498876946657914,0.0
FIB,FIB,EPHA,0.0013675696325596248,0.0
FIB,ENDO,EPHA,0.0003634199671430585,0.0
FIB,SM,EPHA,0.0010758451243077026,0.0
FIB,EG,EPHA,0.0009516159749770057,0.0
ENDO,FIB,EPHA,0.0003634199671430585,0.0
ENDO,ENDO,EPHA,0.0038754308294104145,0.0
ENDO,SM,EPHA,0.0015600253281338838,0.0
ENDO,Immune,EPHA,0.0002499009333357289,0.0
SM,FIB,EPHA,0.0010758451243077023,0.0
SM,ENDO,EPHA,0.0015600253281338838,0.0
SM,SM,EPHA,0.0017583919918015452,0.0
SM,EG,EPHA,0.0006172495851416903,0.0
SM,Immune,EPHA,0.0006355142975882245,0.0
EG,FIB,EPHA,0.001182231028302287,0.0
EG,SM,EPHA,0.0006172495851416903,0.0
EG,EG,EPHA,0.009794739245222343,0.0
EG,Keratinocyte,EPHA,0.0004995635758148681,0.0
EG,Immune,EPHA,0.0020745155102174276,0.0
Keratinocyte,EG,EPHA,0.0004995635758148681,0.0
Keratinocyte,Keratinocyte,EPHA,0.0011759696069249034,0.0
Keratinocyte,Immune,EPHA,4.564604821094756e-05,0.0
Immune,ENDO,EPHA,0.0002499009333357289,0.0
Immune,EG,EPHA,0.0026590169009601244,0.0
Immune,Keratinocyte,EPHA,4.564604821094756e-05,0.0
FIB,FIB,FGF,0.0013392138901870258,0.0
FIB,ENDO,FGF,0.0012196872406504565,0.0
ENDO,FIB,FGF,0.0011612184684817181,0.0
ENDO,ENDO,FGF,0.0013661705832661852,0.0
ENDO,SM,FGF,0.002547758230517586,0.0
ENDO,EG,FGF,0.0036609079340566095,0.0
ENDO,Keratinocyte,FGF,0.0014188293677335141,0.0
ENDO,Immune,FGF,0.0015573465551799513,0.0
SM,SM,FGF,0.00776373398456332,0.0
SM,Keratinocyte,FGF,0.0005986667834966599,0.0
EG,ENDO,FGF,0.0006335153402210395,0.0
EG,SM,FGF,0.002196683245621664,0.0
EG,EG,FGF,0.0035367319986139584,0.0
EG,Keratinocyte,FGF,0.001335251986813181,0.0
Keratinocyte,ENDO,FGF,0.0006321779443683203,0.0
Keratinocyte,EG,FGF,0.0007699223710331222,0.0
Immune,SM,FGF,0.0008463095078211748,0.0
Immune,EG,FGF,0.0005428749442631302,0.0
FIB,FIB,SEMA4,0.0032229347948048988,0.0
FIB,SM,SEMA4,0.0022950356206740286,0.0
ENDO,Keratinocyte,SEMA4,0.001476315954350044,0.0
SM,FIB,SEMA4,0.0022950356206740286,0.0
SM,SM,SEMA4,0.0019161951676500476,0.0
SM,EG,SEMA4,0.0008401062954693465,0.0
EG,SM,SEMA4,0.0008401062954693465,0.0
EG,EG,SEMA4,0.013357435077986174,0.0
EG,Keratinocyte,SEMA4,0.0015359845348993316,0.0
Keratinocyte,ENDO,SEMA4,0.001476315954350044,0.0
Keratinocyte,EG,SEMA4,0.0015359845348993316,0.0
Keratinocyte,Immune,SEMA4,0.0003642617487374098,0.0
Immune,EG,SEMA4,0.00048783169964763164,0.0
Immune,Keratinocyte,SEMA4,0.00036426174873740986,0.0
Immune,Immune,SEMA4,0.00019859777537191347,0.0
FIB,EG,MK,0.001251815835542003,0.0
ENDO,EG,MK,0.00312759900116234,0.0
ENDO,Keratinocyte,MK,0.0008403774175371104,0.0
SM,FIB,MK,0.0007378939019345034,0.0
SM,SM,MK,0.0028066797100918107,0.0
SM,EG,MK,0.002681341797016292,0.0
SM,Keratinocyte,MK,0.0007756024892024695,0.0
EG,FIB,MK,0.0044034791376455825,0.0
EG,EG,MK,0.013251811088806522,0.0
EG,Keratinocyte,MK,0.0009056468756570708,0.0
FIB,ENDO,EGF,0.0006188265588260866,0.0
FIB,SM,EGF,0.0005074605048998595,0.0
FIB,EG,EGF,0.0007538990375893344,0.0
ENDO,EG,EGF,0.00048220670369784007,0.0
SM,ENDO,EGF,0.0035620985374202087,0.0
SM,SM,EGF,0.007546826126943568,0.0
SM,Keratinocyte,EGF,0.0007138184453765768,0.0
SM,Immune,EGF,0.0007195761938097114,0.0
EG,FIB,EGF,0.00044281430557510887,0.0
EG,SM,EGF,0.0022389735467917113,0.0
EG,EG,EGF,0.0032918426617547557,0.0
EG,Keratinocyte,EGF,0.0007788430622072989,0.0
EG,Immune,EGF,0.0006020148940215658,0.0
Keratinocyte,SM,EGF,0.0012294663188385287,0.0
Keratinocyte,EG,EGF,0.0023529703700957993,0.0
Keratinocyte,Keratinocyte,EGF,0.002016873087829967,0.0
Immune,EG,EGF,0.0028147268116161255,0.0
ENDO,Immune,PARs,0.0004740884551426795,0.0
SM,ENDO,PARs,0.0005621395666101244,0.0
SM,SM,PARs,0.0070972129175671745,0.0
SM,EG,PARs,0.0017310679862635138,0.0
EG,FIB,PARs,0.001167811978575024,0.0
EG,ENDO,PARs,0.000904580264574838,0.0
EG,SM,PARs,0.0028125598073665825,0.0
EG,EG,PARs,0.007269903851067414,0.0
EG,Keratinocyte,PARs,0.0024851487388380137,0.0
EG,Immune,PARs,0.0017993230239033977,0.0
Keratinocyte,SM,PARs,0.0007136492503586017,0.0
Keratinocyte,EG,PARs,0.002195566160252533,0.0
Keratinocyte,Immune,PARs,0.0004261835451723783,0.0
Immune,EG,PARs,0.0007868493902965529,0.0
FIB,ENDO,JAM,0.00023055607613414668,0.0
FIB,SM,JAM,0.0018629698947417153,0.0
FIB,Immune,JAM,0.0003041565516992687,0.0
ENDO,FIB,JAM,0.00023055607613414668,0.0
ENDO,SM,JAM,0.0011019514990441618,0.0
ENDO,Immune,JAM,0.00028387695847763197,0.0
SM,FIB,JAM,0.0018629698947417153,0.0
SM,ENDO,JAM,0.000651265164445218,0.0
SM,SM,JAM,0.0067061818460328465,0.0
SM,Immune,JAM,0.00047498127551344493,0.0
EG,EG,JAM,0.01107993184789513,0.0
EG,Immune,JAM,0.0008377741481145995,0.0
Keratinocyte,Immune,JAM,0.0007319441715055482,0.0
Immune,FIB,JAM,0.00030415655169926877,0.0
Immune,ENDO,JAM,0.00028387695847763197,0.0
Immune,SM,JAM,0.0009521754516042321,0.0
Immune,EG,JAM,0.0008377741481145995,0.0
Immune,Keratinocyte,JAM,0.0007319441715055482,0.0
Immune,Immune,JAM,0.0008424647580793384,0.0
FIB,EG,MIF,0.0025097428528331285,0.0
ENDO,ENDO,MIF,0.0020888682304668455,0.0
EG,FIB,MIF,0.003024795362651386,0.0
EG,ENDO,MIF,0.0010668120972513444,0.0
EG,SM,MIF,0.001534346270843896,0.0
EG,EG,MIF,0.010529902579368693,0.0
EG,Immune,MIF,0.001376416673519745,0.0
Keratinocyte,FIB,MIF,0.002443638033372354,0.0
Keratinocyte,ENDO,MIF,0.0019157388204447852,0.0
Immune,EG,MIF,0.0012772242310320158,0.0
ENDO,EG,PTN,0.0015998998495400088,0.0
SM,FIB,PTN,0.0012035867218472588,0.0
SM,SM,PTN,0.004220014370701185,0.0
SM,EG,PTN,0.00725367840329357,0.0
EG,EG,PTN,0.005801313859129185,0.0
Keratinocyte,EG,PTN,0.004261692397212003,0.0
FIB,FIB,ADGRE,0.00045204037404713253,0.0
FIB,SM,ADGRE,0.0014909466543712511,0.0
FIB,Keratinocyte,ADGRE,0.0010074070122873826,0.0
FIB,Immune,ADGRE,0.00019214150197098217,0.0
ENDO,SM,ADGRE,0.0006701824605697597,0.0
SM,FIB,ADGRE,0.0014909466543712516,0.0
SM,ENDO,ADGRE,0.0004479895520997985,0.0
SM,SM,ADGRE,0.006812035604401693,0.0
SM,Immune,ADGRE,0.000458181924398023,0.0
EG,EG,ADGRE,0.004770383306518584,0.0
EG,Immune,ADGRE,0.00027252274443748803,0.0
Keratinocyte,FIB,ADGRE,0.0010074070122873826,0.0
Keratinocyte,Keratinocyte,ADGRE,0.00017724690376684981,0.0
Keratinocyte,Immune,ADGRE,0.0010602964163675304,0.0
Immune,FIB,ADGRE,0.00019214150197098217,0.0
Immune,SM,ADGRE,0.0013442477131682064,0.0
Immune,EG,ADGRE,0.00027252274443748803,0.0
Immune,Keratinocyte,ADGRE,0.0010602964163675304,0.0
Immune,Immune,ADGRE,0.0008576636027452405,0.0
FIB,FIB,CD99,0.006191205211013455,0.0
FIB,SM,CD99,0.0006702642057968633,0.0
FIB,Keratinocyte,CD99,0.0014943980808219354,0.0
SM,FIB,CD99,0.0021569119508272026,0.0
SM,EG,CD99,0.0010024373678067604,0.0
SM,Immune,CD99,0.0012413239218687668,0.0
EG,EG,CD99,0.0065911996742285,0.0
EG,Immune,CD99,0.0007502364085308881,0.0
Keratinocyte,FIB,CD99,0.0014943980808219354,0.0
Immune,SM,CD99,0.0012413239218687668,0.0
Immune,EG,CD99,0.000750236408530888,0.0
FIB,EG,GAP,0.003127393054378446,0.0
FIB,Immune,GAP,0.00031128589544004304,0.0
EG,FIB,GAP,0.0031273930543784453,0.0
EG,EG,GAP,0.003177193706074918,0.0
Keratinocyte,Keratinocyte,GAP,0.013329732670206566,0.0
Immune,FIB,GAP,0.0003112858954400431,0.0
FIB,FIB,WNT,9.374913723731109e-05,0.0
FIB,SM,WNT,9.338739131020121e-05,0.0
FIB,EG,WNT,0.00010263619967697677,0.0
ENDO,FIB,WNT,7.09631549177645e-05,0.0
ENDO,ENDO,WNT,0.0010814357093824783,0.0
ENDO,SM,WNT,0.0006684693715480016,0.0
ENDO,EG,WNT,0.00013568956229920886,0.0
ENDO,Keratinocyte,WNT,0.000466516682194306,0.0
ENDO,Immune,WNT,0.0007196783788626142,0.0
SM,FIB,WNT,0.0005246040422575512,0.0
SM,ENDO,WNT,0.00021613050328683135,0.0
SM,SM,WNT,0.0037621625658213536,0.0
SM,EG,WNT,0.0011657486462080073,0.0
SM,Immune,WNT,0.00023622131776686217,0.0
EG,FIB,WNT,0.00028279096184477797,0.0
EG,ENDO,WNT,0.00010667004837949952,0.0
EG,SM,WNT,0.00015455218975370788,0.0
EG,EG,WNT,0.004538977782330886,0.0
EG,Keratinocyte,WNT,0.001859213769182608,0.0
EG,Immune,WNT,0.00034157234323843377,0.0
Keratinocyte,FIB,WNT,0.00011209290043753122,0.0
Keratinocyte,ENDO,WNT,0.0002194587474625967,0.0
Keratinocyte,EG,WNT,0.0005309418685849105,0.0
Keratinocyte,Keratinocyte,WNT,0.001562142141723076,0.0
Keratinocyte,Immune,WNT,0.0010566863785781953,0.0
Immune,ENDO,WNT,0.00042604636355943144,0.0
Immune,SM,WNT,0.0006777520902029988,0.0
Immune,EG,WNT,0.0007162976345130047,0.0
Immune,Keratinocyte,WNT,0.00039183288209021353,0.0
Immune,Immune,WNT,0.00025289271162778405,0.0
ENDO,SM,APP,0.0025064406797312795,0.0
SM,ENDO,APP,0.0025064406797312795,0.0
EG,EG,APP,0.013577422914528903,0.0
EG,Immune,APP,0.0013192632363057592,0.0
Immune,EG,APP,0.0013192632363057592,0.0
FIB,EG,SLURP,0.0002467884074492723,0.0
ENDO,SM,SLURP,0.0015802186976519527,0.0
ENDO,EG,SLURP,0.0005598218559094157,0.0
SM,SM,SLURP,0.004820381779042066,0.0
SM,EG,SLURP,0.0005114719228824208,0.0
SM,Immune,SLURP,0.00029922320165104915,0.0
EG,FIB,SLURP,0.0005377592905513869,0.0
EG,ENDO,SLURP,0.0004495551128753742,0.0
EG,SM,SLURP,0.00043463870627602545,0.0
EG,EG,SLURP,0.005819217565832176,0.0
EG,Keratinocyte,SLURP,0.0009891258260540296,0.0
EG,Immune,SLURP,0.002221421451161406,0.0
Keratinocyte,FIB,SLURP,1.8439102165951278e-05,0.0
Keratinocyte,Keratinocyte,SLURP,0.0005732092577525972,0.0
Keratinocyte,Immune,SLURP,0.0004426924978525888,0.0
Immune,SM,SLURP,0.0007074970806906241,0.0
Immune,EG,SLURP,0.000542619930628092,0.0
FIB,Keratinocyte,CLDN,0.0010074070122873826,0.0
SM,SM,CLDN,0.002289608782362357,0.0
SM,Immune,CLDN,0.000749417628054684,0.0
EG,EG,CLDN,0.005396723932163535,0.0
EG,Keratinocyte,CLDN,0.0010781434187114324,0.0
EG,Immune,CLDN,0.0009049675357316565,0.0
Keratinocyte,FIB,CLDN,0.0010074070122873826,0.0
Keratinocyte,EG,CLDN,0.0010781434187114322,0.0
Keratinocyte,Immune,CLDN,0.0010664502746168829,0.0
Immune,SM,CLDN,0.000749417628054684,0.0
Immune,EG,CLDN,0.0009049675357316565,0.0
Immune,Keratinocyte,CLDN,0.0010664502746168829,0.0
FIB,SM,ADGRG,0.0013276608623253754,0.0
ENDO,ENDO,ADGRG,0.0028228778349472065,0.0
ENDO,Immune,ADGRG,0.0016498478544512505,0.0
SM,FIB,ADGRG,0.0013276608623253754,0.0
SM,SM,ADGRG,0.0017015155463606343,0.0
EG,EG,ADGRG,0.00405395886839578,0.0
EG,Immune,ADGRG,0.0012159931631954269,0.0
Immune,ENDO,ADGRG,0.0016498478544512505,0.0
Immune,EG,ADGRG,0.0012159931631954269,0.0
FIB,SM,MPZ,0.0017230168820536152,0.0
ENDO,SM,MPZ,0.0009432204556292366,0.0
SM,FIB,MPZ,0.0017230168820536152,0.0
SM,ENDO,MPZ,0.0009432204556292366,0.0
SM,SM,MPZ,0.003756186439729458,0.0
SM,Immune,MPZ,0.0008559375232602085,0.0
EG,EG,MPZ,0.003977199158831348,0.0
Keratinocyte,Immune,MPZ,0.0009315743750776455,0.0
Immune,SM,MPZ,0.0008559375232602085,0.0
Immune,Keratinocyte,MPZ,0.0009315743750776455,0.0
FIB,SM,ADGRL,0.00034575730838813304,0.0
FIB,EG,ADGRL,0.0017284991809353003,0.0
SM,FIB,ADGRL,0.0003457573083881331,0.0
SM,SM,ADGRL,0.001913518707435777,0.0
EG,FIB,ADGRL,0.0017284991809353003,0.0
EG,EG,ADGRL,0.006099018826981169,0.0
EG,Immune,ADGRL,0.0010684000296410834,0.0
Keratinocyte,Keratinocyte,ADGRL,0.00024113020261769076,0.0
Keratinocyte,Immune,ADGRL,0.0005512051760776014,0.0
Immune,EG,ADGRL,0.0010684000296410834,0.0
Immune,Keratinocyte,ADGRL,0.0005512051760776014,0.0
Immune,Immune,ADGRL,0.0007908960433208605,0.0
FIB,ENDO,ICAM,0.00042584374396681407,0.0
FIB,EG,ICAM,0.00027974141584052035,0.0
FIB,Immune,ICAM,0.00023376513629483187,0.0
ENDO,FIB,ICAM,0.000291837621344116,0.0
ENDO,ENDO,ICAM,0.0035137411881297773,0.0
ENDO,SM,ICAM,0.0003829557351606466,0.0
ENDO,Immune,ICAM,0.0007512138831193518,0.0
SM,ENDO,ICAM,0.0003829557351606466,0.0
SM,SM,ICAM,0.0013708447222741844,0.0
SM,Immune,ICAM,0.001273012228407822,0.0
EG,FIB,ICAM,0.00027974141584052035,0.0
EG,EG,ICAM,0.004682098458288659,0.0
Immune,FIB,ICAM,0.00023376513629483187,0.0
Immune,ENDO,ICAM,0.0009285833554696374,0.0
Immune,SM,ICAM,0.001273012228407822,0.0
FIB,ENDO,PECAM1,0.001506165087027083,0.0
FIB,SM,PECAM1,0.0008684285713277115,0.0
ENDO,FIB,PECAM1,0.001506165087027083,0.0
SM,FIB,PECAM1,0.0008684285713277116,0.0
EG,EG,PECAM1,0.008780418270379824,0.0
Immune,ENDO,PECAM1,0.001325931663216146,0.0
Immune,Immune,PECAM1,0.0012564867912764532,0.0
FIB,SM,NT,0.0010405936412832151,0.0
ENDO,ENDO,NT,0.0006449181148208662,0.0
ENDO,Keratinocyte,NT,0.0007269182449178769,0.0
ENDO,Immune,NT,0.0003928629960740576,0.0
SM,FIB,NT,0.0009203582741621372,0.0
SM,ENDO,NT,0.001339417506501184,0.0
SM,SM,NT,0.005548867069923554,0.0
SM,EG,NT,0.0025239865138400688,0.0
SM,Immune,NT,0.0005555277801701218,0.0
EG,EG,NT,0.0006036694033483675,0.0
Immune,ENDO,NT,0.0006587071158293632,0.0
Immune,EG,NT,0.0011272460380553446,0.0
SM,FIB,GALECTIN,0.0007748911462593869,0.0
SM,EG,GALECTIN,0.002187660909357298,0.0
EG,EG,GALECTIN,0.006683823466735817,0.0
Keratinocyte,EG,GALECTIN,0.001445733316562709,0.0
Immune,EG,GALECTIN,0.0018918829504141939,0.0
Immune,Keratinocyte,GALECTIN,0.002704354707783051,0.0
FIB,SM,SPP1,0.000800545080422933,0.0
SM,FIB,SPP1,0.0014705558054615257,0.0
SM,SM,SPP1,0.006779185855700794,0.0
SM,EG,SPP1,0.0017834584971323111,0.0
SM,Immune,SPP1,0.0007733063375752041,0.0
Immune,FIB,SPP1,0.003782035517576262,0.0
ENDO,ENDO,VEGF,0.0005760647713366008,0.0
ENDO,Keratinocyte,VEGF,0.00022335323837511284,0.0
SM,ENDO,VEGF,0.0005352354946767889,0.0
SM,SM,VEGF,0.0016976307641566985,0.0
SM,EG,VEGF,0.0004284021046174445,0.0
SM,Immune,VEGF,0.0006871447773672684,0.0
EG,FIB,VEGF,0.0012738212389612133,0.0
EG,ENDO,VEGF,0.0005343585839541375,0.0
EG,SM,VEGF,0.003061376967264275,0.0
EG,EG,VEGF,0.0030106038377451174,0.0
Keratinocyte,EG,VEGF,0.002661567120123022,0.0
Immune,EG,VEGF,0.0001865127004086459,0.0
FIB,SM,KLK,0.0017998652682258746,0.0
FIB,EG,KLK,0.0005473255196804242,0.0
ENDO,Immune,KLK,0.0007826121655091563,0.0
SM,FIB,KLK,0.0006976212502614197,0.0
SM,ENDO,KLK,0.0008186797742068722,0.0
SM,SM,KLK,0.002675741263647892,0.0
SM,EG,KLK,0.0009056117382480604,0.0
EG,EG,KLK,0.0024342305218288153,0.0
EG,Immune,KLK,0.001412703755978198,0.0
Keratinocyte,EG,KLK,0.0009046728737939449,0.0
Keratinocyte,Keratinocyte,KLK,0.0016841500303550264,0.0
EG,FIB,CypA,0.0033273062130337976,0.0
EG,EG,CypA,0.006155186461241656,0.0
Keratinocyte,FIB,CypA,0.0025328689054862313,0.0
Keratinocyte,Immune,CypA,0.0022403611854968967,0.0
ENDO,FIB,GAS,0.0007663164697398329,0.0
SM,FIB,GAS,0.0007673585210080333,0.0
SM,SM,GAS,0.0017942261950314176,0.0
SM,EG,GAS,0.00154575441204632,0.0
EG,FIB,GAS,0.002610553967614343,0.0
EG,SM,GAS,0.0008058108624828874,0.0
EG,EG,GAS,0.004727404853170008,0.0
EG,Immune,GAS,0.0007576787770017831,0.0
FIB,ENDO,COMPLEMENT,0.0012225407063309569,0.0
FIB,EG,COMPLEMENT,0.0016594027541254439,0.0
ENDO,EG,COMPLEMENT,0.0007366217015849713,0.0
SM,SM,COMPLEMENT,0.001245071994158368,0.0
SM,EG,COMPLEMENT,0.000727281173771644,0.0
EG,EG,COMPLEMENT,0.0020051383570317376,0.0
EG,Immune,COMPLEMENT,0.0009762420009012218,0.0
Immune,ENDO,COMPLEMENT,0.001319231676297383,0.0
Immune,EG,COMPLEMENT,0.0018718757097743752,0.0
Immune,Immune,COMPLEMENT,0.0011167413065967622,0.0
FIB,ENDO,NECTIN,0.000349424891997194,0.0
FIB,SM,NECTIN,0.0009752434374357557,0.0
ENDO,FIB,NECTIN,0.000349424891997194,0.0
ENDO,SM,NECTIN,0.0009208818838876852,0.0
SM,FIB,NECTIN,0.0009752434374357558,0.0
SM,ENDO,NECTIN,0.0009208818838876852,0.0
SM,SM,NECTIN,0.0015065564737045468,0.0
Keratinocyte,Keratinocyte,NECTIN,0.004319268138955259,0.0
Keratinocyte,Immune,NECTIN,0.00013594135141474167,0.0
Immune,Keratinocyte,NECTIN,0.00013594135141474167,0.0
Immune,Immune,NECTIN,0.0007813074419440947,0.0
FIB,EG,NRG,0.0004467109347461827,0.0
SM,FIB,NRG,0.0023354306259979977,0.0
SM,SM,NRG,0.0014941373746248316,0.0
SM,EG,NRG,0.0017917714910771951,0.0
EG,EG,NRG,0.0035457892578769443,0.0
EG,Keratinocyte,NRG,0.0009378177738262833,0.0
Immune,EG,NRG,0.0004541410949618819,0.0
Immune,Keratinocyte,NRG,0.0001459174841842811,0.0
FIB,ENDO,Netrin,0.00020033576331157679,0.0
ENDO,FIB,Netrin,0.00020033576331157679,0.0
SM,SM,Netrin,0.005960506496065032,0.0
EG,Immune,Netrin,0.002387173558853945,0.0
Immune,EG,Netrin,0.002387173558853945,0.0
FIB,ENDO,ANGPT,0.00046186985539823104,0.0
FIB,SM,ANGPT,0.0006874169035287572,0.0
ENDO,FIB,ANGPT,0.0006110243083321124,0.0
SM,FIB,ANGPT,0.0006622137861101232,0.0
SM,SM,ANGPT,0.0018509981944361763,0.0
EG,FIB,ANGPT,0.0004481595046361419,0.0
EG,ENDO,ANGPT,0.00099414559734487,0.0
EG,SM,ANGPT,0.0045245981068197105,0.0
EG,EG,ANGPT,0.0008486146825520964,0.0
FIB,EG,BMP,0.00012668986116664457,0.0
ENDO,FIB,BMP,0.0010701805777382203,0.0
ENDO,SM,BMP,0.0004271173201016426,0.0
ENDO,Keratinocyte,BMP,0.00029171298826616017,0.0
SM,SM,BMP,0.0022311956282392823,0.0
SM,EG,BMP,0.00035873705853099047,0.0
SM,Immune,BMP,0.00019571556485826263,0.0
EG,FIB,BMP,0.0006172714310416743,0.0
EG,ENDO,BMP,0.0006321172532200527,0.0
EG,SM,BMP,0.0002619755089827383,0.0
EG,EG,BMP,0.00236582269331245,0.0
EG,Immune,BMP,0.0005575488637995235,0.0
Keratinocyte,Keratinocyte,BMP,9.946949093233843e-05,0.0
Keratinocyte,Immune,BMP,1.650351015558324e-05,0.0
Immune,SM,BMP,0.0008034167093308698,0.0
Immune,EG,BMP,0.0002717189489193656,0.0
Immune,Keratinocyte,BMP,0.0006035214681192391,0.0
FIB,SM,TGFb,0.0004655188624122832,0.0
ENDO,EG,TGFb,0.00021074265106254912,0.0
SM,ENDO,TGFb,0.0013346298686948256,0.0
SM,SM,TGFb,0.0017327371951482487,0.0
SM,EG,TGFb,0.0009798909696143126,0.0
SM,Keratinocyte,TGFb,0.00029397105339931434,0.0
EG,SM,TGFb,0.00015735435129229399,0.0
EG,EG,TGFb,0.0018105564781202776,0.0
EG,Keratinocyte,TGFb,0.0027391131817718064,0.0
EG,Immune,TGFb,0.00027653037493416177,0.0
Immune,EG,TGFb,0.000534531267758045,0.0
FIB,ENDO,CDH,0.0011218309458484637,0.0
ENDO,FIB,CDH,0.0011218309458484637,0.0
EG,EG,CDH,0.005729824546158957,0.0
EG,Immune,CDH,0.0009754285414281883,0.0
Immune,EG,CDH,0.0009754285414281883,0.0
FIB,SM,PROS,0.0012696267740177451,0.0
ENDO,SM,PROS,0.0005622852660317043,0.0
SM,SM,PROS,0.0034550082695135333,0.0
SM,EG,PROS,0.0016923708359458346,0.0
EG,SM,PROS,0.001349601520687178,0.0
Keratinocyte,EG,PROS,0.0007555073274080337,0.0
Immune,EG,PROS,0.0007216619532764957,0.0
FIB,SM,CEACAM,0.00028837725450074636,0.0
SM,FIB,CEACAM,0.00028837725450074636,0.0
SM,EG,CEACAM,0.0005712388770295469,0.0
EG,SM,CEACAM,0.0005712388770295469,0.0
EG,EG,CEACAM,0.004500157024672848,0.0
EG,Immune,CEACAM,0.0012854123006261983,0.0
Immune,EG,CEACAM,0.0012854123006261985,0.0
FIB,FIB,THY1,0.002118033419137365,0.0
FIB,SM,THY1,0.0004519773863779213,0.0
ENDO,ENDO,THY1,0.0039675472586812935,0.0
ENDO,SM,THY1,0.0007274251996709948,0.0
SM,FIB,THY1,0.0004519773863779213,0.0
SM,ENDO,THY1,0.0007274251996709948,0.0
ENDO,EG,ACTIVIN,0.000407824460277151,0.0
ENDO,Keratinocyte,ACTIVIN,0.00029334948389801946,0.0
SM,SM,ACTIVIN,0.004896218959040124,0.0
SM,Immune,ACTIVIN,0.0004732999607346809,0.0
EG,FIB,ACTIVIN,0.0008768057984994589,0.0
EG,EG,ACTIVIN,0.0008549296866923319,0.0
Immune,SM,ACTIVIN,0.0005055713075387155,0.0
FIB,FIB,ADGRA,0.0017306797734311394,0.0
FIB,EG,ADGRA,0.0008665047405364139,0.0
SM,EG,ADGRA,0.0006805454822320897,0.0
EG,FIB,ADGRA,0.000866504740536414,0.0
EG,SM,ADGRA,0.0006805454822320897,0.0
EG,EG,ADGRA,0.0033869341294008566,0.0
FIB,EG,ANNEXIN,0.0007445065138361678,0.0
SM,SM,ANNEXIN,0.001558990847960981,0.0
EG,SM,ANNEXIN,0.0009118541625150819,0.0
EG,EG,ANNEXIN,0.0015682732672541162,0.0
EG,Keratinocyte,ANNEXIN,0.0009490939219762438,0.0
EG,Immune,ANNEXIN,0.0009312924397890572,0.0
Immune,EG,ANNEXIN,0.0010091978715391174,0.0
FIB,SM,ADGRB,0.0005431460023635913,0.0
FIB,EG,ADGRB,0.000530960236762236,0.0
FIB,Immune,ADGRB,0.00021867088941173818,0.0
ENDO,Immune,ADGRB,0.00011470024480961768,0.0
SM,FIB,ADGRB,0.0005431460023635913,0.0
SM,SM,ADGRB,0.001864301796872435,0.0
EG,FIB,ADGRB,0.000530960236762236,0.0
EG,EG,ADGRB,0.0022949175790436694,0.0
EG,Immune,ADGRB,0.00041442231095704214,0.0
Immune,FIB,ADGRB,0.00021867088941173818,0.0
Immune,ENDO,ADGRB,0.00011470024480961768,0.0
FIB,FIB,IL1,0.000831968221279937,0.0
FIB,SM,IL1,0.0005752255339746654,0.0
ENDO,SM,IL1,0.0009248036264928181,0.0
ENDO,Keratinocyte,IL1,0.00032839115990923405,0.0
SM,FIB,IL1,0.0004641067281945786,0.0
SM,SM,IL1,0.0023291168443204365,0.0
Keratinocyte,FIB,IL1,6.553666975832952e-05,0.0
Keratinocyte,ENDO,IL1,0.0002326641618876972,0.0
Keratinocyte,Keratinocyte,IL1,0.00017615758437463446,0.0
Keratinocyte,Immune,IL1,3.9208705173378086e-05,0.0
Immune,SM,IL1,0.0009355142732815648,0.0
Immune,Immune,IL1,0.00011848831751072616,0.0
FIB,EG,CHEMERIN,0.0008036500713069876,0.0
SM,SM,CHEMERIN,0.0014488203713303393,0.0
EG,ENDO,CHEMERIN,0.0009967323104958297,0.0
EG,EG,CHEMERIN,0.0019994319686709163,0.0
EG,Immune,CHEMERIN,0.0015536967711894548,0.0
SM,FIB,RELN,0.0005014681541168182,0.0
SM,ENDO,RELN,0.0012339147510920655,0.0
SM,SM,RELN,0.002946166194753191,0.0
SM,EG,RELN,0.0006019181883578424,0.0
EG,ENDO,RELN,0.0007538588047362491,0.0
EG,Immune,RELN,0.0005833954359218902,0.0
FIB,SM,PTPR,0.0006496409561120289,0.0
FIB,EG,PTPR,0.0006754362669710403,0.0
SM,EG,PTPR,0.0007786990833809712,0.0
EG,SM,PTPR,0.0007786990833809712,0.0
EG,EG,PTPR,0.0037375140148516147,0.0
FIB,EG,HSPG,0.0013564611538967146,0.0
SM,EG,HSPG,0.0013516067098484287,0.0
EG,EG,HSPG,0.0037177956815685133,0.0
EG,EG,ESAM,0.0037589268365132715,0.0
EG,Immune,ESAM,0.001267289107820693,0.0
Immune,EG,ESAM,0.001267289107820693,0.0
ENDO,Immune,NEGR,0.0008318139884657579,0.0
SM,SM,NEGR,0.002633397037718332,0.0
Keratinocyte,Immune,NEGR,0.0007768596927433544,0.0
Immune,ENDO,NEGR,0.0008318139884657579,0.0
Immune,Keratinocyte,NEGR,0.0007768596927433546,0.0
FIB,SM,PSAP,0.0013389347486820922,0.0
SM,SM,PSAP,0.0023644390850611425,0.0
Keratinocyte,FIB,PSAP,0.0010326320618217445,0.0
Immune,SM,PSAP,0.0010705107464375585,0.0
EG,EG,CDH5,0.0036004550169301437,0.0
EG,Immune,CDH5,0.0010436760872279713,0.0
Immune,EG,CDH5,0.0010436760872279713,0.0
ENDO,SM,CD46,0.000933625706823634,0.0
SM,FIB,CD46,0.0008735794192997979,0.0
SM,ENDO,CD46,0.000933625706823634,0.0
EG,EG,CD46,0.0029281471350035954,0.0
FIB,EG,GRN,0.0011842832219399737,0.0
EG,EG,GRN,0.003257370802964801,0.0
Immune,EG,GRN,0.0011660873303998742,0.0
FIB,SM,NRXN,0.0005812473532088927,0.0
FIB,EG,NRXN,0.00037700069229641025,0.0
SM,FIB,NRXN,0.0005812473532088927,0.0
SM,SM,NRXN,0.0022818455126280644,0.0
EG,FIB,NRXN,0.00037700069229641025,0.0
EG,EG,NRXN,0.001406314444158645,0.0
FIB,ENDO,SELE,0.0002652585792540518,0.0
FIB,SM,SELE,0.00047968448493447205,0.0
ENDO,FIB,SELE,0.0002652585792540518,0.0
ENDO,Immune,SELE,0.0007796644968841363,0.0
SM,FIB,SELE,0.00047968448493447205,0.0
Keratinocyte,Keratinocyte,SELE,0.0008250428210120299,0.0
Immune,ENDO,SELE,0.0007796644968841363,0.0
Immune,Immune,SELE,0.001597076034551753,0.0
FIB,EG,ADIPONECTIN,0.001699197758563583,0.0
SM,EG,ADIPONECTIN,0.0007291063520901488,0.0
EG,SM,ADIPONECTIN,0.0007351733646508118,0.0
EG,EG,ADIPONECTIN,0.0022489121273554574,0.0
FIB,FIB,GDF,0.0011713630646237349,0.0
FIB,SM,GDF,0.002553479766303131,0.0
SM,FIB,GDF,0.000652503163277336,0.0
EG,FIB,GDF,0.0004912083996939509,0.0
EG,EG,GDF,0.0004320909451569223,0.0
FIB,Immune,SELPLG,0.0003889011055963876,0.0
ENDO,ENDO,SELPLG,0.0010076532529961638,0.0
ENDO,SM,SELPLG,0.0004800815664480601,0.0
ENDO,Immune,SELPLG,0.00021353670718194452,0.0
SM,ENDO,SELPLG,0.00048008156644806005,0.0
Immune,FIB,SELPLG,0.0003889011055963876,0.0
Immune,ENDO,SELPLG,0.0003109467952789535,0.0
Immune,Immune,SELPLG,0.0018386711938356466,0.0
FIB,SM,CNTN,0.0006438486228811166,0.0
SM,FIB,CNTN,0.0006438486228811166,0.0
SM,Immune,CNTN,0.0006486883523840859,0.0
EG,EG,CNTN,0.003039751065981717,0.0
FIB,EG,PDGF,0.00033810254456470286,0.0
ENDO,EG,PDGF,0.00024259214919244393,0.0
SM,EG,PDGF,0.0010825060293704896,0.0
EG,ENDO,PDGF,0.0001824304894350402,0.0
EG,EG,PDGF,0.00232179387159587,0.0
EG,Keratinocyte,PDGF,0.00018462991090672847,0.0
Keratinocyte,SM,PDGF,0.00018697489453878662,0.0
Keratinocyte,EG,PDGF,0.0002217143904449619,0.0
Immune,EG,PDGF,0.0002138717020122562,0.0
SM,SM,CD45,0.00336195607928564,0.0
SM,Immune,CD45,0.001139525617284288,0.0
SM,SM,EDN,0.0023070234694676853,0.0
SM,EG,EDN,0.0006339492486963535,0.0
EG,ENDO,EDN,0.0007888224757407559,0.0
EG,SM,EDN,0.0007282637788023545,0.0
FIB,FIB,TNF,0.0005752113081781927,0.0
FIB,ENDO,TNF,0.0012526827708533334,0.0
FIB,EG,TNF,0.0007050594613287904,0.0
FIB,Keratinocyte,TNF,0.0011263257679602725,0.0
Immune,Immune,TNF,0.0006452119291195557,0.0
ENDO,EG,CSF,0.0006417827288832955,0.0
SM,EG,CSF,0.0013302855903276774,0.0
EG,FIB,CSF,0.0006439612692490184,0.0
EG,EG,CSF,0.0016634974557400654,0.0
EG,EG,OCLN,0.0019464480011804697,0.0
EG,Immune,OCLN,0.0010479947151583327,0.0
Immune,EG,OCLN,0.0010479947151583327,0.0
SM,SM,CSPG4,0.0028557167502644633,0.0
EG,Keratinocyte,CSPG4,0.0005628818395700388,0.0
Keratinocyte,EG,CSPG4,0.0005628818395700388,0.0
FIB,EG,CDH1,0.00046797633167990614,0.0
ENDO,Immune,CDH1,0.00029595785962934683,0.0
EG,FIB,CDH1,0.00046797633167990614,0.0
EG,EG,CDH1,0.0015498935335773888,0.0
Keratinocyte,Keratinocyte,CDH1,0.0008182393526420397,0.0
Immune,ENDO,CDH1,0.00029595785962934683,0.0
SM,SM,CD40,0.0021077631186152946,0.0
EG,ENDO,CD40,0.0004795954782075869,0.0
EG,SM,CD40,0.0008014413392975382,0.0
EG,Immune,CD40,0.0004080525870168849,0.0
SM,SM,TWEAK,0.0009870218473868964,0.0
EG,ENDO,TWEAK,0.0008829830201007602,0.0
EG,SM,TWEAK,0.0007070060196087529,0.0
EG,Keratinocyte,TWEAK,0.0009266174730830253,0.0
ENDO,ENDO,CHAD,0.0009386119826511645,0.0
ENDO,EG,CHAD,0.00047094117835016596,0.0
SM,ENDO,CHAD,0.0014732186647638784,0.0
EG,ENDO,CHAD,0.0005901765077665628,0.0
FIB,SM,CD34,0.0005114466404748212,0.0
SM,FIB,CD34,0.0005114466404748212,0.0
EG,EG,CD34,0.0023871520396319514,0.0
FIB,EG,IGFBP,0.0007600376218176886,0.0
SM,EG,IGFBP,0.0007851366488731748,0.0
Keratinocyte,Keratinocyte,IGFBP,0.001825698459777686,0.0
FIB,SM,SEMA6,0.0004700861022031378,0.0
ENDO,SM,SEMA6,0.00031086877742362207,0.0
SM,FIB,SEMA6,0.0004700861022031378,0.0
SM,ENDO,SEMA6,0.00031086877742362207,0.0
SM,SM,SEMA6,0.0017739250214965903,0.0
SM,SM,VISFATIN,0.0016502136789485595,0.0
EG,SM,VISFATIN,0.0009455170002310151,0.0
Keratinocyte,Immune,VISFATIN,0.0007386678672642718,0.0
FIB,FIB,CALCR,0.0013736109096122685,0.0
FIB,ENDO,CALCR,0.0008493524552570441,0.0
SM,EG,CALCR,0.0010900619909287744,0.0
ENDO,EG,TRAIL,0.0007557843080606118,0.0
SM,EG,TRAIL,0.0012169042173210628,0.0
EG,EG,TRAIL,0.0012811677342660607,0.0
ENDO,SM,BAFF,0.0005322049534150434,0.0
SM,SM,BAFF,0.0017073215538838682,0.0
EG,SM,BAFF,0.0008956442822474972,0.0
FIB,ENDO,VEGI,0.0004071611436918253,0.0
FIB,Keratinocyte,VEGI,0.0003053488900120968,0.0
SM,SM,VEGI,0.0023619000825016857,0.0
ENDO,EG,IL16,0.0005450463767912103,0.0
SM,SM,IL16,0.0009163546254113019,0.0
SM,EG,IL16,0.0005188565709714968,0.0
EG,ENDO,IL16,0.000542249828298712,0.0
Keratinocyte,EG,IL16,0.0004206014137508351,0.0
EG,EG,PERIOSTIN,0.0014619825057982988,0.0
EG,Keratinocyte,PERIOSTIN,0.0008278790614430679,0.0
Keratinocyte,EG,PERIOSTIN,0.0006254625021832269,0.0
SM,EG,AGRN,0.0009621075223072917,0.0
EG,EG,AGRN,0.0018888490351584473,0.0
FIB,ENDO,SEMA7,0.00012366983622590224,0.0
ENDO,FIB,SEMA7,0.00012366983622590224,0.0
ENDO,ENDO,SEMA7,0.0021580369367100076,0.0
ENDO,Immune,SEMA7,9.2267739315799e-05,0.0
Keratinocyte,Immune,SEMA7,4.199862945907612e-05,0.0
Immune,Keratinocyte,SEMA7,4.199862945907612e-05,0.0
Immune,Immune,SEMA7,0.00026643868727766905,0.0
FIB,ENDO,LIFR,0.0001788283983701217,0.0
FIB,EG,LIFR,0.0006140601732883553,0.0
EG,ENDO,LIFR,0.0007203102725000291,0.0
EG,EG,LIFR,0.0008074635747945489,0.0
Keratinocyte,Immune,LIFR,0.0002203705633572885,0.0
Immune,Immune,LIFR,0.00027352164634972405,0.0
ENDO,ENDO,PCDH,0.0018477393270351816,0.0
SM,EG,PCDH,0.000476621334135157,0.0
EG,SM,PCDH,0.000476621334135157,0.0
FIB,Immune,UNC5,3.514903193271416e-05,0.0
ENDO,Keratinocyte,UNC5,0.0009207395549908741,0.0
EG,EG,UNC5,0.0006904495280847834,0.0
Keratinocyte,ENDO,UNC5,0.0009207395549908741,0.0
Keratinocyte,Keratinocyte,UNC5,0.0001899647168843657,0.0
Immune,FIB,UNC5,3.514903193271416e-05,0.0
SM,SM,PLAU,0.0007123794961174622,0.0
SM,EG,PLAU,0.0011617473489488126,0.0
Keratinocyte,SM,PLAU,0.0007392781347879244,0.0
EG,EG,CTSG,0.0011016852998008508,0.0
EG,Immune,CTSG,0.0006547564821430601,0.0
Immune,EG,CTSG,0.0005631228533654537,0.0
SM,SM,SLIT,0.0013814516967999271,0.0
EG,SM,SLIT,0.0007857796443464307,0.0
FIB,FIB,LEP,0.0012763827330857175,0.0
FIB,ENDO,LEP,0.0008834411544740879,0.0
ENDO,Immune,SELL,0.00048355542601687384,0.0
Immune,ENDO,SELL,0.00048355542601687384,0.0
Immune,Immune,SELL,0.0011849137696101888,0.0
EG,ENDO,CX3C,0.0006484023355448656,0.0
EG,SM,CX3C,0.0005431259660619778,0.0
EG,EG,CX3C,0.0009265276065939298,0.0
FIB,Immune,CD96,0.0003640631647640642,0.0
ENDO,ENDO,CD96,0.0012624861842199502,0.0
Immune,FIB,CD96,0.0003640631647640642,0.0
ENDO,SM,PTH,0.0004807872663433508,0.0
ENDO,Immune,PTH,0.0005896132814541272,0.0
EG,EG,PTH,0.0008341607557657147,0.0
FIB,ENDO,APELIN,0.0002712777629701205,0.0
EG,EG,APELIN,0.0008369837394800989,0.0
EG,Keratinocyte,APELIN,0.00028033831388119896,0.0
Immune,EG,APELIN,0.00029110991803186164,0.0
FIB,EG,MELANOCORTIN,0.0003879652702533425,0.0
ENDO,ENDO,MELANOCORTIN,0.0006778746185804676,0.0
EG,Immune,MELANOCORTIN,0.0005216711866760234,0.0
FIB,SM,CLEC,0.000312488764388451,0.0
SM,FIB,CLEC,0.000312488764388451,0.0
SM,SM,CLEC,0.0009604160272038769,0.0
FIB,ENDO,CD6,0.00021659100032885023,0.0
ENDO,Immune,CD6,0.00019460231845931967,0.0
Immune,ENDO,CD6,0.00019460231845931967,0.0
Immune,Immune,CD6,0.0007870047791364073,0.0
EG,SM,KIT,0.0005066336782800913,0.0
EG,EG,KIT,0.0008675286832779158,0.0
FIB,FIB,APJ,0.00022074819905830006,0.0
FIB,ENDO,APJ,0.00033003249421434367,0.0
FIB,EG,APJ,0.0005513209524482872,0.0
Keratinocyte,EG,PROCR,0.0006064638857841108,0.0
Immune,Immune,PROCR,0.000322035982775138,0.0
SM,ENDO,IGF,0.0002736137197173157,0.0
SM,SM,IGF,0.00034882141879362334,0.0
EG,Keratinocyte,IGF,0.00014339106304124544,0.0
Keratinocyte,EG,IGF,0.00010617653138944958,0.0
Keratinocyte,Keratinocyte,EPGN,0.0003126633025557797,0.0
Keratinocyte,Immune,EPGN,5.932603201694201e-05,0.0
Immune,Keratinocyte,EPGN,5.9326032016942016e-05,0.0
FIB,FIB,IL6,0.00014330987662184417,0.0
FIB,ENDO,IL6,9.507118715027732e-05,0.0
FIB,Immune,IL6,0.00018660148300966896,0.0
