features,observed,expected,z_score,pvalues,pvalues_adj,n_spots
COL1A2,0.7627760348570056,-0.0011061946902654867,39.59756467683165,0.0,0.0,903
COL1A1,0.6140767977582291,-0.0011061946902654867,31.889761971293943,1.8511590834405485e-223,6.821521222478421e-221,873
COL6A2,0.5588951584597863,-0.0011061946902654867,29.019887709569137,1.8463247245317186e-185,4.535804406599588e-183,835
DCN,0.5332761736403344,-0.0011061946902654867,27.689648607953192,4.6518429888776635e-169,8.571020707007096e-167,808
SAA1,0.5016327516794442,-0.0011061946902654867,26.067450853112245,4.265991872873278e-150,6.288072020615212e-148,400
COL3A1,0.4839406329841362,-0.0011061946902654867,25.136675974278244,9.883142815334273e-140,1.2139793758168932e-137,807
IGFBP4,0.4652244674458951,-0.0011061946902654867,24.15863217770177,3.029617123089096e-129,2.7910347746458297e-127,759
CCL21,0.4638856101253528,-0.0011061946902654867,24.162889633900548,2.7329927473254713e-129,2.7910347746458297e-127,262
SPARC,0.46127818093681877,-0.0011061946902654867,23.968184956340142,2.9860835824002286e-127,2.2154837198463502e-125,846
CCL19,0.460781808631762,-0.0011061946902654867,23.967906923667414,3.0060837447033246e-127,2.2154837198463502e-125,316
CXCL12,0.44410482598607354,-0.0011061946902654867,23.0623111192439,5.534129193348729e-118,3.7078665595436485e-116,681
CD74,0.4408306650163943,-0.0011061946902654867,22.902935855721275,2.1717522463482132e-116,1.3338178379655276e-114,796
C3,0.4220925608535641,-0.0011061946902654867,21.925464660254107,7.425707181334997e-107,4.209804763572225e-105,540
FGFR3,0.415533271435538,-0.0011061946902654867,21.58633128271084,1.2071738299297795e-103,6.354907947558911e-102,390
COMP,0.39907605309028815,-0.0011061946902654867,20.731701554465733,8.966796282939523e-96,4.4056859070176187e-94,569
DSC3,0.3986078718998661,-0.0011061946902654867,20.70504207140454,1.559811954124039e-95,7.184883813683854e-94,610
HLA-DRB1,0.38801602766885745,-0.0011061946902654867,20.15894133423725,1.1231848579833924e-90,4.869336707845648e-89,685
COL6A1,0.38180460309564923,-0.0011061946902654867,19.84011511185343,6.70756102363262e-88,2.746373596898467e-86,770
IL36RN,0.37799938191877563,-0.0011061946902654867,19.679324300937196,1.6214855866424133e-86,6.289657249239256e-85,258
IGFBP5,0.3772879855116829,-0.0011061946902654867,19.6040225463349,7.143546684222495e-86,2.63239695313599e-84,583
KLK7,0.37201517974119874,-0.0011061946902654867,19.336814919945457,1.316202899751025e-83,4.619245414840502e-82,423
IL36G,0.3669040872494151,-0.0011061946902654867,19.113442992939277,9.757896420225243e-82,3.268895300775456e-80,248
THY1,0.36177813087101857,-0.0011061946902654867,18.798570081922648,3.87898849841178e-79,1.2429628362302097e-77,628
SFRP1,0.3611175187826728,-0.0011061946902654867,18.785639688545576,4.949308970724141e-79,1.5198502964265384e-77,305
SFRP2,0.3611691735402267,-0.0011061946902654867,18.766699012328264,7.070169311792962e-79,2.0842859131165655e-77,555
SDC1,0.35878805537189207,-0.0011061946902654867,18.64397240529045,7.067210247014401e-78,2.0032822892498515e-76,638
HLA-DRA,0.3556042382368473,-0.0011061946902654867,18.48043391342453,1.483924508445711e-76,4.0505643063869966e-75,709
APOE,0.3547175873119833,-0.0011061946902654867,18.432861953380684,3.5796741415032237e-76,9.4222137224567e-75,679
KLK8,0.3521324918415542,-0.0011061946902654867,18.311117496306508,3.3735397272338115e-75,8.573444065418341e-74,347
GJA1,0.35053837326568593,-0.0011061946902654867,18.218488363787408,1.8409317381883543e-74,4.522555636816057e-73,693
SLURP1,0.34360244361377595,-0.0011061946902654867,17.8644645794024,1.11531060896822e-71,2.651561028417994e-70,490
VWF,0.3428571890832579,-0.0011061946902654867,17.820473824271716,2.450977417440871e-71,5.644907364543506e-70,617
DSC2,0.3407549278392393,-0.0011061946902654867,17.7178740664002,1.5261569533388607e-70,3.408417195790122e-69,384
IGFBP6,0.337669842264363,-0.0011061946902654867,17.571997349776403,2.01852709886858e-69,4.375454329018069e-68,330
TNXB,0.3268827622235036,-0.0011061946902654867,16.994439724415248,4.514446203848196e-65,9.506133863531771e-64,525
DSG1,0.32458010466649695,-0.0011061946902654867,16.871754108302348,3.630391610312545e-64,7.432218380000959e-63,458
ENG,0.31757555992025466,-0.0011061946902654867,16.51173023230933,1.510481717659688e-61,3.00871628625727e-60,484
APCDD1,0.31158164419242745,-0.0011061946902654867,16.20273032884663,2.4118488977700908e-59,4.677717467517255e-58,428
HLA-DPB1,0.3053622723804188,-0.0011061946902654867,15.88092573336755,4.2950596877021575e-57,8.116561512401257e-56,478
EPHB6,0.2981503377459233,-0.0011061946902654867,15.509970654950841,1.4850729626589182e-54,2.7362469336990566e-53,404
NECTIN1,0.29733772550573956,-0.0011061946902654867,15.461772126263888,3.1422751591990546e-54,5.648431200804154e-53,450
TGM2,0.2911094737521208,-0.0011061946902654867,15.453189948640391,3.5900158491008704e-54,6.29962304949367e-53,31
HSPG2,0.2948479841440666,-0.0011061946902654867,15.331338621797192,2.3607758880827754e-53,4.0462600686441986e-52,666
KLK5,0.29264658174850444,-0.0011061946902654867,15.231995060673972,1.0843565587931615e-52,1.8162972359785454e-51,356
IL22RA1,0.2869171852189562,-0.0011061946902654867,15.083802476308799,1.034981171760525e-51,1.6950691635277933e-50,133
SERPINF1,0.28570360160612623,-0.0011061946902654867,14.863159138659984,2.858234639575837e-50,4.579388976885634e-49,501
ACKR1,0.28429910609137593,-0.0011061946902654867,14.794198966069832,7.983696639934319e-50,1.2519115794960837e-48,389
HLA-DPA1,0.28073509516795775,-0.0011061946902654867,14.602525348544038,1.3531595059888447e-48,2.077663658153705e-47,511
PRSS3,0.2761508358825273,-0.0011061946902654867,14.38995218717307,2.991863263206095e-47,4.500006581597738e-46,282
ANGPTL7,0.26428838060807885,-0.0011061946902654867,14.158221754940353,8.307267284412764e-46,1.2244911977224413e-44,26
IL1RN,0.2717059811052257,-0.0011061946902654867,14.149142241185926,9.452455065855558e-46,1.3659724281442246e-44,311
NECTIN4,0.26566744552585214,-0.0011061946902654867,13.8456996807561,6.752960414422285e-44,9.571022741210047e-43,297
MMP2,0.26538500522960956,-0.0011061946902654867,13.807132308552827,1.1541975950010238e-43,1.60498797644482e-42,550
PECAM1,0.26286313971780817,-0.0011061946902654867,13.677723273322966,6.8972262355889784e-43,9.413436547461254e-42,482
DSC1,0.26176925762504644,-0.0011061946902654867,13.646133515707463,1.0643873335386333e-42,1.4262790269417688e-41,250
WNT4,0.2523126284362145,-0.0011061946902654867,13.161174243734498,7.339334859814377e-40,9.659088913719992e-39,268
CCL17,0.2443367126988967,-0.0011061946902654867,13.092592372504482,1.81501719790442e-39,2.3467853944834342e-38,36
DSG3,0.25032719841965934,-0.0011061946902654867,13.034101998232062,3.914162780145351e-39,4.973686153391592e-38,360
LRP1,0.24510560421424113,-0.0011061946902654867,12.756482482234166,1.4343246514529816e-37,1.791690284950589e-36,581
IL20RB,0.24284349017356055,-0.0011061946902654867,12.675705857007443,4.031479274619836e-37,4.952000375658032e-36,255
LAMB2,0.24270422724781165,-0.0011061946902654867,12.63011816013991,7.203087624160346e-37,8.702746850829796e-36,632
HLA-DQB1,0.2395481216267963,-0.0011061946902654867,12.477012516053144,4.982803201369236e-36,5.85292400158665e-35,390
CDH1,0.2395071741098416,-0.0011061946902654867,12.476687518579714,5.0031779118040566e-36,5.85292400158665e-35,357
CTSG,0.23917559299988841,-0.0011061946902654867,12.47359723178208,5.201097653461047e-36,5.989389016563737e-35,269
CCR7,0.23245013116885982,-0.0011061946902654867,12.38931095009052,1.4929898367664205e-35,1.6928207841490028e-34,45
SEMA3F,0.23768128045894596,-0.0011061946902654867,12.386241021740187,1.5512405812155466e-35,1.7322186490240271e-34,337
MIF,0.23612679806192682,-0.0011061946902654867,12.290404149687111,5.099741400062633e-35,5.6097155400688965e-34,573
NAMPT,0.2326451043915261,-0.0011061946902654867,12.115072913386571,4.394297087708395e-34,4.7626425788839514e-33,392
LTB,0.22940924934128526,-0.0011061946902654867,12.006565181260923,1.640976898065428e-33,1.7277142483917433e-32,139
SPP1,0.20845735678346178,-0.0011061946902654867,12.006707304708302,1.6381599516436454e-33,1.7277142483917433e-32,11
FN1,0.2297426735083738,-0.0011061946902654867,11.963647467543286,2.754394987322574e-33,2.859139585432024e-32,459
IGFBP3,0.22136071758061826,-0.0011061946902654867,11.539801455048211,4.155842319951728e-31,4.253966374728366e-30,345
CD99,0.2193293700821005,-0.0011061946902654867,11.420692320753727,1.647988984761262e-30,1.6470617847401103e-29,571
CLDN1,0.21882399845356906,-0.0011061946902654867,11.42038819552766,1.6537662424798935e-30,1.6470617847401103e-29,300
COL4A2,0.21835863590307794,-0.0011061946902654867,11.371236818218463,2.9078798735882237e-30,2.8574766224460275e-29,503
CXCL10,0.20898268444046791,-0.0011061946902654867,11.132570516019435,4.354364846051076e-29,4.222588015183741e-28,55
CLEC2B,0.20987095019781005,-0.0011061946902654867,10.939436497289163,3.7331257657170137e-28,3.573134661471999e-27,338
THBS2,0.20535256972177415,-0.0011061946902654867,10.70057770592876,5.057281695216198e-27,4.778482832531203e-26,490
CCL22,0.20035610757861114,-0.0011061946902654867,10.690684161531664,5.6268868101657504e-27,5.249386808977415e-26,71
RAMP3,0.2040217386875735,-0.0011061946902654867,10.638299295931919,9.885248260847237e-27,9.106784960305518e-26,274
CD36,0.20308284612699143,-0.0011061946902654867,10.582426938165527,1.7976148028241363e-26,1.635607542816529e-25,418
RARRES2,0.2028488225398562,-0.0011061946902654867,10.572764225235844,1.992852061971098e-26,1.7911365483813406e-25,387
MCAM,0.2026600229984591,-0.0011061946902654867,10.561018902218766,2.258657958919771e-26,2.0055794165347844e-25,482
CDH3,0.20102244318272275,-0.0011061946902654867,10.500940466564174,4.2761882067272495e-26,3.751846081378551e-25,262
FZD1,0.20103671678725643,-0.0011061946902654867,10.494824809299896,4.562341131613013e-26,3.9558181341162244e-25,266
COL6A3,0.20045897524599635,-0.0011061946902654867,10.443497263627657,7.846043164982811e-26,6.723876526270154e-25,505
HLA-B,0.19689057709621538,-0.0011061946902654867,10.273430002208814,4.642187272844644e-25,3.932519563317819e-24,822
SDC4,0.1949190406508325,-0.0011061946902654867,10.158353110293312,1.5208539880942104e-24,1.2737152150289012e-23,477
HLA-DQA1,0.19459850132593787,-0.0011061946902654867,10.150794051362132,1.6433907646051108e-24,1.3608752736111986e-23,352
GAS6,0.1943973496574513,-0.0011061946902654867,10.127992512485429,2.0754177611796715e-24,1.6995365444326866e-23,598
ANXA1,0.19334668769431645,-0.0011061946902654867,10.074669030966508,3.575055572341108e-24,2.8954021503465895e-23,703
EPHA1,0.18865236738161667,-0.0011061946902654867,9.886344207529284,2.3856733327859692e-23,1.9111317894165862e-22,205
EMILIN1,0.18404873850739284,-0.0011061946902654867,9.599737276787016,4.007422765366603e-22,3.1757748151346093e-21,344
HLA-E,0.18343629777326212,-0.0011061946902654867,9.571791588825278,5.253445747942107e-22,4.118925017269503e-21,804
TYROBP,0.1824353064384186,-0.0011061946902654867,9.523749048576768,8.352077955312225e-22,6.479454161121168e-21,282
NCL,0.1820289158520722,-0.0011061946902654867,9.487253326658653,1.1860093730703202e-21,9.10509279117527e-21,600
KLK6,0.18007578013835468,-0.0011061946902654867,9.461764500899527,1.5139493730144924e-21,1.1502893689811143e-20,143
WNT3,0.17784250737590665,-0.0011061946902654867,9.402207115151889,2.6715156693829496e-21,2.009088824831871e-20,146
PPIA,0.18001935673365946,-0.0011061946902654867,9.395307092043506,2.8525576393916205e-21,2.1235706871026508e-20,803
EPHB3,0.17953536239280804,-0.0011061946902654867,9.371087663281147,3.589443884025108e-21,2.645420142526504e-20,375
PSAP,0.1795284434178257,-0.0011061946902654867,9.365169528511982,3.796415086203606e-21,2.7702553648832256e-20,783
TNFRSF18,0.177071153772167,-0.0011061946902654867,9.294826256048648,7.372340845793135e-21,5.326877650342686e-20,162
HLA-A,0.17582679370910323,-0.0011061946902654867,9.176809411390002,2.2202663491902935e-20,1.5886760187895597e-19,812
CCL27,0.1712208069141066,-0.0011061946902654867,9.170162217483655,2.3615387875352095e-20,1.6735135446283166e-19,97
ACKR3,0.1720917658267116,-0.0011061946902654867,8.996487543592258,1.1652723613650084e-19,8.17910219358106e-19,246
BMP7,0.16887223739523272,-0.0011061946902654867,8.874969878005619,3.4976171831149206e-19,2.431833833920468e-18,216
NMU,0.16834627059387636,-0.0011061946902654867,8.833622873047727,5.066945221081737e-19,3.490036100875925e-18,207
NOTCH3,0.16676088244242673,-0.0011061946902654867,8.697070235341496,1.7028133148882716e-18,1.1620124195117187e-17,614
CXCL9,0.1612410514365806,-0.0011061946902654867,8.649892439866024,2.5773996237150587e-18,1.7427004795210995e-17,54
ADGRG1,0.1652629177881501,-0.0011061946902654867,8.624589564383536,3.2161461657032827e-18,2.1548179310211995e-17,397
EREG,0.16205287999293838,-0.0011061946902654867,8.55928335716034,5.678563331453181e-18,3.770361419172067e-17,104
PDGFRB,0.1636980785699037,-0.0011061946902654867,8.542159909046392,6.586797779979166e-18,4.334348182004148e-17,394
HLA-DMA,0.16345668901674984,-0.0011061946902654867,8.532857236997186,7.138841752786332e-18,4.656041036994271e-17,391
IGFL3,0.15922671200871233,-0.0011061946902654867,8.469469823926682,1.2325623341585825e-17,7.968407370832238e-17,130
CHRNA9,0.134205003250419,-0.0011061946902654867,8.45571349269901,1.3869296849781506e-17,8.888410241990408e-17,25
NTN1,0.15855062201715162,-0.0011061946902654867,8.434429556283389,1.6641107787350796e-17,1.0572841757997877e-16,48
DSG2,0.15931585907726575,-0.0011061946902654867,8.37024206590464,2.87499959769663e-17,1.8110040200875354e-16,121
AXL,0.15943529948290427,-0.0011061946902654867,8.332698514237846,3.9510102601518904e-17,2.467707255705037e-16,281
RAET1E,0.15163711541372246,-0.0011061946902654867,8.249375133171712,7.961244018648667e-17,4.930619194742914e-16,83
TNC,0.1569396951976726,-0.0011061946902654867,8.190753128418503,1.2979829017741814e-16,7.971778321729764e-16,462
ITGB2,0.1552227283472951,-0.0011061946902654867,8.12145346988316,2.3031671504870014e-16,1.4028381734784463e-15,232
RBP4,0.1519032481850259,-0.0011061946902654867,8.034563920651607,4.695615527318594e-16,2.83661364232279e-15,54
CSF1R,0.15314975316409352,-0.0011061946902654867,8.01786126793774,5.380111858745501e-16,3.223693040565393e-15,230
TGFB1,0.15250438273850503,-0.0011061946902654867,7.972157965132252,7.796365914544254e-16,4.633807805660576e-15,320
SLURP2,0.13376815851982385,-0.0011061946902654867,7.9272158093582386,1.12056814263806e-15,6.606869768994002e-15,18
SEMA3C,0.15129605307138713,-0.0011061946902654867,7.903506617145496,1.355823769182201e-15,7.930492999105415e-15,366
GDF10,0.1483598825520299,-0.0011061946902654867,7.900144200868055,1.392904752250616e-15,8.083234664635464e-15,33
TENM4,0.14695565854472412,-0.0011061946902654867,7.867593499783768,1.8076402748538622e-15,1.0408053770057003e-14,80
SELE,0.14828859565985678,-0.0011061946902654867,7.860056764755086,1.9197970940407147e-15,1.0968143087658966e-14,63
PLXND1,0.15014497173533084,-0.0011061946902654867,7.84316908117711,2.1965791121425518e-15,1.245291388960816e-14,346
CLSTN1,0.1502110094303307,-0.0011061946902654867,7.839831473555654,2.2557575296915714e-15,1.2690788544906017e-14,505
ERBB2,0.14918972301468447,-0.0011061946902654867,7.795070588230507,3.218624170262846e-15,1.7970651617300888e-14,353
CD34,0.14892572714381178,-0.0011061946902654867,7.779888502242776,3.629424780457602e-15,2.0111925287197387e-14,355
HLA-C,0.14785111304526166,-0.0011061946902654867,7.726076957772362,5.545579625320924e-15,3.050068793926508e-14,790
FMOD,0.14687158322833746,-0.0011061946902654867,7.674522643256463,8.301789652887933e-15,4.5321622030951154e-14,338
CD274,0.1421297664982103,-0.0011061946902654867,7.658434734592416,9.410642249925254e-15,5.09973774867273e-14,48
FGF22,0.13525618394219058,-0.0011061946902654867,7.64525627944505,1.0426478818629767e-14,5.6089889703139693e-14,38
CXCR1,0.13870530088717606,-0.0011061946902654867,7.619546811475187,1.272839405531928e-14,6.797700303456746e-14,18
WNT7A,0.12375076844136963,-0.0011061946902654867,7.59149486389552,1.581178537513618e-14,8.383658864370765e-14,10
ITGB1,0.1452624612837859,-0.0011061946902654867,7.585781418852401,1.6524458299720053e-14,8.698946976352627e-14,488
PTPRZ1,0.14409894306961307,-0.0011061946902654867,7.56116540677136,1.997369307075982e-14,1.0440150207907793e-13,220
PTPRF,0.14452745038935574,-0.0011061946902654867,7.545285263214227,2.2564927761983133e-14,1.1711515324353218e-13,503
LAMC1,0.1413883485761736,-0.0011061946902654867,7.389529290968344,7.367475313049139e-14,3.797083430571479e-13,385
CD48,0.13830693240508513,-0.0011061946902654867,7.360425077165559,9.166275338334678e-14,4.658996499553556e-13,56
ADORA1,0.137041257755296,-0.0011061946902654867,7.361327977983554,9.104477994692349e-14,4.658996499553556e-13,34
SDC2,0.14021864784002663,-0.0011061946902654867,7.342581367050577,1.0475653526854967e-13,5.288052499515144e-13,221
BSG,0.13843939130209446,-0.0011061946902654867,7.229603810345895,2.422025540468466e-13,1.2143080430784079e-12,646
TYRO3,0.1357070189871231,-0.0011061946902654867,7.220053838549625,2.598349794835764e-13,1.2939079721580798e-12,122
ADIPOR1,0.13724961255736148,-0.0011061946902654867,7.177034303769454,3.5619908950328646e-13,1.7618706641873968e-12,322
CEACAM6,0.13344376100970917,-0.0011061946902654867,7.068904852185464,7.808058520270584e-13,3.83635941962628e-12,66
SEMA4D,0.13432491418759498,-0.0011061946902654867,7.055865318418451,8.576495210069473e-13,4.158471690671843e-12,204
ITGAL,0.13130792708889466,-0.0011061946902654867,7.056544581196236,8.534694754109076e-13,4.158471690671843e-12,48
PTN,0.13347849780650425,-0.0011061946902654867,7.031223009073,1.0236548460202153e-12,4.9309387027248275e-12,108
ERBB3,0.13382870070957736,-0.0011061946902654867,7.010912395398416,1.183844795903228e-12,5.665542951822591e-12,269
IL7R,0.13082542670085845,-0.0011061946902654867,6.99834505631183,1.2950178887615264e-12,6.157601187208032e-12,59
ANGPTL2,0.1331012095418098,-0.0011061946902654867,6.965490058958123,1.6363126626371949e-12,7.73052841258726e-12,286
NGFR,0.13107978603685572,-0.0011061946902654867,6.906274270936489,2.487738058380404e-12,1.1678107955581897e-11,112
ANGPTL4,0.13154886160925255,-0.0011061946902654867,6.8842038330472395,2.9055808704013148e-12,1.3553247477758033e-11,302
FGF18,0.12435754906397346,-0.0011061946902654867,6.860047544542925,3.4418816815432002e-12,1.5953879240863763e-11,16
IL36B,0.09890916835132073,-0.0011061946902654867,6.793606438877489,5.4682240410941274e-12,2.5188006989289823e-11,10
LAMB3,0.12907939103680338,-0.0011061946902654867,6.754795441710292,7.1518458918242625e-12,3.2738574051394294e-11,335
TGFBR2,0.12854726091632673,-0.0011061946902654867,6.721988011013032,8.963085325383218e-12,4.077650546177427e-11,389
POSTN,0.12788763639337497,-0.0011061946902654867,6.7006454767865495,1.0375045315358511e-11,4.6910480965762105e-11,250
NBL1,0.12816668725725075,-0.0011061946902654867,6.697663874716314,1.0588884212552952e-11,4.7585412589338574e-11,586
P4HB,0.12774207846430896,-0.0011061946902654867,6.681921210848326,1.1791490858068673e-11,5.266865916604007e-11,776
IL37,0.12188819589241692,-0.0011061946902654867,6.663441056599503,1.3374467811784332e-11,5.937941432099429e-11,35
PDGFRA,0.12690355822381474,-0.0011061946902654867,6.649673781615004,1.4687166877545212e-11,6.481701789671151e-11,212
IGFBP2,0.12707179950681838,-0.0011061946902654867,6.646667027654639,1.4990209986398763e-11,6.576062357128504e-11,366
TIGIT,0.11867998804689081,-0.0011061946902654867,6.5665453325132725,2.574798763650983e-11,1.1228560288821151e-10,18
PLXNB1,0.12384242308652822,-0.0011061946902654867,6.478993232251682,4.6168322475243193e-11,2.001532568485543e-10,413
IL18,0.12238517498968926,-0.0011061946902654867,6.419615144908271,6.830964370176861e-11,2.9441056963861676e-10,250
CSPG4,0.12211062526557435,-0.0011061946902654867,6.4116778148705125,7.196337821388558e-11,3.083547078118237e-10,166
EPHA2,0.12119503927616795,-0.0011061946902654867,6.363276503315234,9.874734502596068e-11,4.2067510568863024e-10,239
SOSTDC1,0.11850498942421175,-0.0011061946902654867,6.23507998086334,2.2577366342222164e-10,9.562941950699848e-10,184
LAMA4,0.11898597957635335,-0.0011061946902654867,6.233620557572471,2.2788814650240893e-10,9.59734651270145e-10,250
CCL18,0.11799289834422226,-0.0011061946902654867,6.23071642183723,2.321534545103558e-10,9.721425907621149e-10,91
COL4A1,0.11873991662398557,-0.0011061946902654867,6.212117826790848,2.613760202717534e-10,1.0883284007925553e-09,429
ITGB4,0.11797678626196421,-0.0011061946902654867,6.170691537785411,3.3995976877882813e-10,1.4075862336516648e-09,505
EFNA3,0.11726540937603593,-0.0011061946902654867,6.152682512176985,3.809160976872491e-10,1.5683528714832546e-09,262
ADM,0.11642431433456384,-0.0011061946902654867,6.143542911503838,4.0350428571584015e-10,1.6521258809587456e-09,165
CD4,0.11682868627359684,-0.0011061946902654867,6.138968139890159,4.1529610937244003e-10,1.6910123348480015e-09,155
SFRP4,0.11619417555653054,-0.0011061946902654867,6.136002118361577,4.2312014426005795e-10,1.7134041006574876e-09,63
KIT,0.11586806200196874,-0.0011061946902654867,6.122287290211347,4.6120756486462534e-10,1.8574315590449666e-09,121
F2RL1,0.11509009589961239,-0.0011061946902654867,6.10145590203275,5.255332001223458e-10,2.1049889591857008e-09,161
EFNB1,0.11635171334191598,-0.0011061946902654867,6.097978696704094,5.370902875945454e-10,2.1396515781469187e-09,317
GRN,0.11625877731981982,-0.0011061946902654867,6.081623631461872,5.948578835102685e-10,2.3570444093928382e-09,702
AGRN,0.11581082045346451,-0.0011061946902654867,6.06661375981774,6.531760334722292e-10,2.574282014272903e-09,355
FZD10,0.11436877354833509,-0.0011061946902654867,6.053048380564941,7.106507871403871e-10,2.7859022878854535e-09,141
CXCR2,0.10845172590589588,-0.0011061946902654867,6.023731411217766,8.522056168766034e-10,3.323151003375961e-09,70
RAMP1,0.11406735191686934,-0.0011061946902654867,6.004148637819814,9.616922113548856e-10,3.730353472466056e-09,148
IL10RA,0.11378771775180495,-0.0011061946902654867,5.993532432183119,1.026655958424849e-09,3.961494457377559e-09,138
CD47,0.11441127416281709,-0.0011061946902654867,5.991281893127006,1.0409670180307292e-09,3.9957952723367054e-09,364
FZD7,0.11172909715619482,-0.0011061946902654867,5.8909272460477835,1.9201730688046225e-09,7.332474361186564e-09,150
HLA-DMB,0.1121004420430088,-0.0011061946902654867,5.884461252004374,1.9967634059492917e-09,7.585642423632103e-09,221
THBS1,0.11200048037318165,-0.0011061946902654867,5.8697886507525885,2.181755149749446e-09,8.245915617258162e-09,265
MPZ,0.10812147919551648,-0.0011061946902654867,5.860157788536836,2.3121378138011243e-09,8.694110044752187e-09,37
EGFR,0.10956249872139283,-0.0011061946902654867,5.739089377560877,4.75934889157291e-09,1.780527986339713e-08,373
SEMA6B,0.10832294064133642,-0.0011061946902654867,5.7172120329558656,5.414298283148945e-09,2.015322138727663e-08,97
FZD2,0.10581093251383666,-0.0011061946902654867,5.704032697519369,5.850280858231189e-09,2.1666618052846163e-08,35
RAMP2,0.10748659790353918,-0.0011061946902654867,5.63181696217878,8.916044137835353e-09,3.285562264792327e-08,303
TNFRSF4,0.10544741685106283,-0.0011061946902654867,5.60167604380174,1.0614451657665927e-08,3.89196560781084e-08,68
CD44,0.10676540928728286,-0.0011061946902654867,5.591668095601881,1.1244920864509662e-08,4.102726077793872e-08,742
SDC3,0.10442666611295909,-0.0011061946902654867,5.493938521220908,1.9653368704906436e-08,7.13523780074682e-08,169
LGALS9,0.10307674941559061,-0.0011061946902654867,5.443205720140142,2.616507624786476e-08,9.452775095429574e-08,110
SORT1,0.10346282418113253,-0.0011061946902654867,5.428008196377817,2.8493211718210658e-08,1.0243657090888416e-07,296
WNT16,0.09972774241057165,-0.0011061946902654867,5.38432217656886,3.6359076580911116e-08,1.3008077398122084e-07,103
ITGA7,0.10244947543946219,-0.0011061946902654867,5.376060957100936,3.806651296908238e-08,1.3553149786576672e-07,247
LAMA5,0.10225178790503517,-0.0011061946902654867,5.361230195148029,4.132855328668823e-08,1.4643819121292898e-07,362
TNFRSF1B,0.10135928471433558,-0.0011061946902654867,5.326242589162088,5.013260111057319e-08,1.767833828636002e-07,196
NRG4,0.09095403698412047,-0.0011061946902654867,5.285575944714602,6.265493575142691e-08,2.198889888038173e-07,16
ICAM1,0.10030530740015556,-0.0011061946902654867,5.274438344814308,6.65816381208944e-08,2.3256240424217617e-07,190
GPR1,0.09696768529323271,-0.0011061946902654867,5.2196267552986075,8.964203825222736e-08,3.1163293486741303e-07,114
CXCL1,0.09721852462897608,-0.0011061946902654867,5.2169463554793625,9.09484556234595e-08,3.1469019621826127e-07,49
EPHB2,0.09789083497544973,-0.0011061946902654867,5.215650299880646,9.158673144605565e-08,3.154178554941262e-07,131
BDKRB1,0.09216196030165047,-0.0011061946902654867,5.191892561020154,1.0408356173637835e-07,3.5678876744051556e-07,32
ITGA5,0.09865992651587938,-0.0011061946902654867,5.178890791178149,1.1160454163750866e-07,3.8079882956872165e-07,248
SELPLG,0.09727477944307382,-0.0011061946902654867,5.139148377389468,1.379932059584911e-07,4.6866816954565863e-07,109
ADGRB1,0.09397798764583133,-0.0011061946902654867,5.119393933015132,1.532595507351891e-07,5.181297655588732e-07,31
IL11RA,0.0963747087736241,-0.0011061946902654867,5.066591202695444,2.0250137518300436e-07,6.814772306386951e-07,228
CXCR3,0.09354211135761704,-0.0011061946902654867,5.056606755357241,2.1339100332516705e-07,7.148598611393096e-07,31
NPY1R,0.09568134149907163,-0.0011061946902654867,5.045667425608093,2.2597046965698246e-07,7.53575729127584e-07,109
APOBR,0.09456958025968491,-0.0011061946902654867,5.04390034198341,2.280684675522852e-07,7.571462188560099e-07,80
IL3RA,0.09480283595923832,-0.0011061946902654867,5.0076789459771955,2.7545162938396054e-07,9.103491069774839e-07,99
ROBO1,0.09419567206437073,-0.0011061946902654867,4.960405069189489,3.517316658608326e-07,1.1572599899081857e-06,221
WNT5A,0.09365963017701241,-0.0011061946902654867,4.9582746116206,3.5560992911465613e-07,1.1648200789222292e-06,178
APLNR,0.09348836055943151,-0.0011061946902654867,4.929722704346502,4.1173207737260276e-07,1.3426838098389746e-06,123
LEP,0.08714169969573408,-0.0011061946902654867,4.84599669982215,6.298880496529642e-07,2.045055033454778e-06,17
ADIPOR2,0.0912608901751309,-0.0011061946902654867,4.79943067204011,7.955865145757545e-07,2.560468389704502e-06,275
NPW,0.08700183368837916,-0.0011061946902654867,4.800130148932179,7.928127541354214e-07,2.560468389704502e-06,32
PTHLH,0.08738643639995822,-0.0011061946902654867,4.793035859611054,8.213812353647898e-07,2.631991175929783e-06,33
TNN,0.08557002084525858,-0.0011061946902654867,4.787731882376481,8.433839512752538e-07,2.6907964159734284e-06,20
JAG2,0.09095831744959575,-0.0011061946902654867,4.781961185931627,8.679660135441903e-07,2.749797042296769e-06,282
OCLN,0.09020280058330767,-0.0011061946902654867,4.780801414989223,8.729888369245208e-07,2.749797042296769e-06,150
PDCD1,0.08540163180799405,-0.0011061946902654867,4.780782752765535,8.73069888598974e-07,2.749797042296769e-06,16
HBEGF,0.08996507113808812,-0.0011061946902654867,4.770853436856127,9.172349476905581e-07,2.87660492105507e-06,144
CLSTN3,0.09038997739555266,-0.0011061946902654867,4.765518294884076,9.418440176585622e-07,2.9412671229422052e-06,187
FGFR1,0.08976164651815077,-0.0011061946902654867,4.721240507389983,1.1720527832455084e-06,3.6447379799659905e-06,212
PCDHB4,0.08104736564880904,-0.0011061946902654867,4.684761196446511,1.4014326401846401e-06,4.339730486622184e-06,12
GAS1,0.08894488026782559,-0.0011061946902654867,4.683044239969956,1.413227401693089e-06,4.357611625137326e-06,219
VIPR1,0.08869765463518701,-0.0011061946902654867,4.682204269975231,1.4190322795562527e-06,4.357611625137326e-06,212
HSP90AA1,0.0890327342363972,-0.0011061946902654867,4.669880448625301,1.5068753622733315e-06,4.60816241491886e-06,618
MRC1,0.08815561261948571,-0.0011061946902654867,4.655310294949009,1.6174657123616298e-06,4.9259183058286e-06,114
IL1F10,0.0699012888629138,-0.0011061946902654867,4.644919849958722,1.7010425428782504e-06,5.159129029223336e-06,22
LIFR,0.08797747852375372,-0.0011061946902654867,4.64047239401494,1.7380680685987715e-06,5.2498203547430106e-06,146
EFNA5,0.08733920333829781,-0.0011061946902654867,4.6180402739910695,1.936905404868265e-06,5.826527687297597e-06,172
TNFRSF21,0.08708880697058435,-0.0011061946902654867,4.60989082686971,2.014402403180381e-06,6.035018581885938e-06,187
PDGFD,0.08536576580902303,-0.0011061946902654867,4.570168538227617,2.4366606821776577e-06,7.2705219545139016e-06,47
DAG1,0.0867879772334214,-0.0011061946902654867,4.5576176769966406,2.5868552101714358e-06,7.687549556033661e-06,423
HCST,0.08614063772887717,-0.0011061946902654867,4.544949453534822,2.7474219319518395e-06,8.13192756565665e-06,167
INHBB,0.0859001647361217,-0.0011061946902654867,4.538466243504618,2.833243218454205e-06,8.352401008002997e-06,128
TNFRSF11A,0.08516905727593867,-0.0011061946902654867,4.535542128660043,2.8727853738263624e-06,8.435230360597725e-06,116
IL31RA,0.07939523006389924,-0.0011061946902654867,4.503612618797724,3.340396911194911e-06,9.769335410915275e-06,10
LAMC3,0.08480854554020534,-0.0011061946902654867,4.466606686356952,3.973501995682839e-06,1.1574984074380443e-05,175
WNT10A,0.08256260374462382,-0.0011061946902654867,4.406779993707178,5.245932918533909e-06,1.5221466775431065e-05,123
VSIR,0.08383212964138408,-0.0011061946902654867,4.403605850695613,5.323314987669389e-06,1.5385424101617017e-05,416
ADIPOQ,0.0821459249823795,-0.0011061946902654867,4.367291925510229,6.289827113858265e-06,1.810782258950602e-05,54
NRXN1,0.0804020602638846,-0.0011061946902654867,4.358679154620344,6.5424890682159944e-06,1.8761923903794506e-05,27
TAX1BP3,0.0827473005792534,-0.0011061946902654867,4.347837265306643,6.8743276636472345e-06,1.9637129798868263e-05,409
POMC,0.08026300885370781,-0.0011061946902654867,4.334866688338191,7.29242410053009e-06,2.07510291972613e-05,52
FLT4,0.08040384360230138,-0.0011061946902654867,4.327590050663827,7.537485921485187e-06,2.136587355436378e-05,33
TNFSF13B,0.08093662454050579,-0.0011061946902654867,4.32256147140981,7.711404630512113e-06,2.1775115757423094e-05,52
SEMA4A,0.08167643401482813,-0.0011061946902654867,4.319340857718265,7.824795640054072e-06,2.2010970941678817e-05,198
COL9A2,0.08077655273855712,-0.0011061946902654867,4.3150558102480545,7.978129313950668e-06,2.2356963134530958e-05,65
HLA-F,0.08190606383590214,-0.0011061946902654867,4.312125158520073,8.084642812412607e-06,2.256962785131853e-05,250
JAM2,0.08143826137773115,-0.0011061946902654867,4.305907628612987,8.315122304757157e-06,2.312545335323028e-05,132
NTRK3,0.08036796011825115,-0.0011061946902654867,4.299482829089441,8.559856929042706e-06,2.371659607783637e-05,41
IL1RL2,0.07842738064348612,-0.0011061946902654867,4.273655059948812,9.614722339074585e-06,2.6539514471527975e-05,74
ABCA1,0.08035095893932254,-0.0011061946902654867,4.257713321609992,1.0326427710664883e-05,2.8397676204328428e-05,190
NOTCH1,0.08044823203255193,-0.0011061946902654867,4.235762353066081,1.1388879082549804e-05,3.120298841575913e-05,298
ACVR1B,0.07990493276133592,-0.0011061946902654867,4.219211268916636,1.2257923144258228e-05,3.345959021229005e-05,222
ITGB5,0.07956483359789755,-0.0011061946902654867,4.1802613792789005,1.4558710739887402e-05,3.9593246550911494e-05,525
CLDN3,0.07685940702122894,-0.0011061946902654867,4.127053106078171,1.837207811861076e-05,4.978022637285341e-05,46
PTPRC,0.07756092235036718,-0.0011061946902654867,4.102764763871135,2.0412113282509994e-05,5.510522889820463e-05,148
IL34,0.07724473917222155,-0.0011061946902654867,4.099709362723606,2.0683465140116743e-05,5.563399200097095e-05,96
LTBR,0.07734617569748309,-0.0011061946902654867,4.06932260498607,2.3575011785265567e-05,6.318103158451172e-05,380
IL17RE,0.07618863211209001,-0.0011061946902654867,4.039643482453289,2.6766255662771885e-05,7.147366095457566e-05,149
NTRK2,0.07621977928663222,-0.0011061946902654867,4.024038069106846,2.8604331681295123e-05,7.610610992460111e-05,147
COL9A3,0.07387836226730307,-0.0011061946902654867,3.993498246052351,3.2552780267212125e-05,8.629999660768106e-05,52
F11R,0.0757515184675623,-0.0011061946902654867,3.9890714020209925,3.3166227263347715e-05,8.761114513651351e-05,315
ESAM,0.07549033964729772,-0.0011061946902654867,3.982386946814495,3.411329055519181e-05,8.9791054068487e-05,188
WNT7B,0.07407239940367252,-0.0011061946902654867,3.9745745436875057,3.5252588858924317e-05,9.245963697162713e-05,103
WNT11,0.0734746740656156,-0.0011061946902654867,3.926398005094806,4.311371576905805e-05,0.00011267662596381483,81
IL17RC,0.07362672206858868,-0.0011061946902654867,3.8842911912705,5.1314424854924e-05,0.00013363509229003174,265
ANGPTL1,0.07262834774862419,-0.0011061946902654867,3.8718112384976826,5.401480030272797e-05,0.00014017221064475534,57
ADGRL3,0.07277986350454552,-0.0011061946902654867,3.8699165378071294,5.443630940629251e-05,0.00014077038607872834,86
CDH5,0.0731585388108748,-0.0011061946902654867,3.8647145251927055,5.56096012779208e-05,0.00014330166483156516,171
CXCL2,0.0702260908936042,-0.0011061946902654867,3.847682513814502,5.962021979505826e-05,0.00015310140065839003,26
TNFRSF25,0.07287893327461324,-0.0011061946902654867,3.843151448537012,6.073223040018539e-05,0.00015541546460047441,300
BDKRB2,0.07141410307524733,-0.0011061946902654867,3.835541619601067,6.264394338054237e-05,0.00015975289367287104,134
LTBP1,0.07271628795045323,-0.0011061946902654867,3.8345211492959312,6.29045737942013e-05,0.00015986438236664262,287
ITGA3,0.07219478865452987,-0.0011061946902654867,3.802710384993613,7.156081728964835e-05,0.00018123822110814721,368
AVPR1A,0.07034146389503733,-0.0011061946902654867,3.7858651569661435,7.6587361444058e-05,0.0001933044020009272,49
CD27,0.06953887881230965,-0.0011061946902654867,3.7774771606608213,7.921251406210719e-05,0.00019924785960332081,42
TNFRSF14,0.07117221744603697,-0.0011061946902654867,3.7500472694840488,8.840061966194179e-05,0.0002210211057582499,346
IL20RA,0.0708024175468531,-0.0011061946902654867,3.7498550129917723,8.846842089373639e-05,0.0002210211057582499,207
GFRA2,0.06893005430221646,-0.0011061946902654867,3.7117561776075942,0.00010291310435908517,0.00025623972267785735,42
ITGA2,0.06991306191908114,-0.0011061946902654867,3.7042868286077946,0.00010599314408894825,0.00026302002422072345,177
CCL28,0.06906432240816822,-0.0011061946902654867,3.697783084789224,0.00010874530732127932,0.00026894393119390226,93
IL1R2,0.06889149106440245,-0.0011061946902654867,3.6658973506835824,0.00012323639142657131,0.00030376327920195,136
ITGA8,0.0681919919179325,-0.0011061946902654867,3.6581106814256406,0.00012704066322703883,0.0003120965626610921,46
MDK,0.06920602635976984,-0.0011061946902654867,3.6518891693422715,0.00013015911742117475,0.0003186952476392219,231
NRP1,0.06891625552668668,-0.0011061946902654867,3.634222569108455,0.00013941004808911371,0.0003402159120585325,318
CD6,0.06770847267545492,-0.0011061946902654867,3.6115847279014313,0.00015216581035947929,0.0003701194793232219,65
FRZB,0.06783352301305505,-0.0011061946902654867,3.6046380141577576,0.00015629415198711117,0.0003789104934687531,119
TNFRSF12A,0.06786589481916697,-0.0011061946902654867,3.58785044526374,0.00016670771663973138,0.0004028314333228919,226
APLN,0.06408798445272819,-0.0011061946902654867,3.539374395327474,0.00020053829188832088,0.00048299582065912573,77
SORL1,0.0661567317304292,-0.0011061946902654867,3.5164517923803467,0.00021867803670310871,0.0005249697493491567,121
CHRD,0.06563625258080859,-0.0011061946902654867,3.4917372368240165,0.0002399450446045366,0.0005741542138751411,86
CNTN1,0.06520159443994906,-0.0011061946902654867,3.4882652331435606,0.0002430827755444527,0.0005797799533212351,61
PRNP,0.06608929207398882,-0.0011061946902654867,3.482213163413911,0.00024864383111185837,0.0005911306565465794,479
IL6ST,0.06601244989937921,-0.0011061946902654867,3.4813035826697294,0.00024948979799849203,0.0005912346659964265,371
BAG6,0.06586485934435206,-0.0011061946902654867,3.471706675202542,0.00025858053733787125,0.0006108136410833689,457
APP,0.06574706573355599,-0.0011061946902654867,3.463692743067196,0.0002664073640544209,0.0006272914610482691,557
EDAR,0.05916021083431589,-0.0011061946902654867,3.4602689928093664,0.0002698180139662811,0.0006332989690864624,13
KLRB1,0.06346068445078853,-0.0011061946902654867,3.4387088571171147,0.00029224773574438055,0.000683766924582884,41
PLXNB2,0.06514612925309395,-0.0011061946902654867,3.4325197808319117,0.0002990001287575453,0.000697351566121237,559
NEGR1,0.06462554204725447,-0.0011061946902654867,3.421339251503954,0.000311567747468368,0.0007243704412750387,152
CAP1,0.06469283610816773,-0.0011061946902654867,3.41025576423916,0.00032450992309300216,0.0007520874632690019,482
IGFLR1,0.06319293711352636,-0.0011061946902654867,3.4010047890899617,0.00033569325798620583,0.0007755671822439928,67
JAG1,0.0642719403690836,-0.0011061946902654867,3.389270820248601,0.00035039380545193324,0.0008070007331814836,426
CXCL11,0.058610473213409016,-0.0011061946902654867,3.3602623950863135,0.00038934239060171264,0.0008939107223472343,14
LAMA3,0.06297725459079657,-0.0011061946902654867,3.3442077302244244,0.00041258962523388153,0.0009443433347744431,185
IL13RA1,0.06317530516902967,-0.0011061946902654867,3.3383254151155355,0.0004214248863068488,0.0009615793845453486,305
IL2RA,0.059496028847562776,-0.0011061946902654867,3.3165701575397186,0.00045564851922042085,0.0010364597489674388,16
LCK,0.06204494134892386,-0.0011061946902654867,3.3116483545016218,0.00046374024213165086,0.0010516201798493128,89
CEACAM1,0.05979930647486714,-0.0011061946902654867,3.297584885991302,0.0004876009609617766,0.001102337141806225,22
FGF7,0.06203636958090519,-0.0011061946902654867,3.292950295766019,0.0004957099978719755,0.0011145882635021363,114
AMN,0.06095524592588924,-0.0011061946902654867,3.2927605094051153,0.0004960447088584813,0.0011145882635021363,87
PROS1,0.06190228260768298,-0.0011061946902654867,3.2736448268620353,0.0005308498401785418,0.0011877818643691509,286
GZMA,0.06061604381061313,-0.0011061946902654867,3.2731167674231236,0.0005318426258369332,0.0011877818643691509,47
TGFB3,0.06128938025650016,-0.0011061946902654867,3.263569021972833,0.0005500919113679009,0.0012248270050699184,95
PDGFB,0.06133947009687209,-0.0011061946902654867,3.2620324042853475,0.0005530824907507182,0.0012277764930219255,116
CHRNA3,0.056333089966251255,-0.0011061946902654867,3.2460073573828963,0.0005851790738460758,0.0012951260583320054,38
IL21R,0.058336876533224655,-0.0011061946902654867,3.2359210727284147,0.0006062545280464165,0.0013377532550006256,23
ACVRL1,0.060790558967432566,-0.0011061946902654867,3.217223639372344,0.0006471883022333758,0.001423814264913427,181
BMPR1A,0.06053278296309668,-0.0011061946902654867,3.2126962324606754,0.0006574764278184133,0.001442143236018365,185
MPZL1,0.0606254425989847,-0.0011061946902654867,3.2033163059241043,0.0006792733903441793,0.0014855326073699114,360
SELL,0.058111102137460235,-0.0011061946902654867,3.179637613072853,0.0007372966718943568,0.0016076557609057424,27
SV2B,0.0494821320773496,-0.0011061946902654867,3.166820655920549,0.0007705766621772688,0.0016752654867983692,12
ADGRE5,0.05970273894852974,-0.0011061946902654867,3.162325910383885,0.0007825714398101556,0.0016963386798237786,184
NRTN,0.05742617986900274,-0.0011061946902654867,3.1164063900347596,0.0009153489634544789,0.00197833485649839,65
TNFSF12,0.058190474560215685,-0.0011061946902654867,3.086526172006464,0.00101255059152977,0.002182016918004212,157
LPAR2,0.057763872217205636,-0.0011061946902654867,3.0790225282951122,0.0010384048824145437,0.0022312081584242526,131
EPHA4,0.05780042071928766,-0.0011061946902654867,3.077304067156875,0.0010444105423559964,0.002237588865454562,172
THBS4,0.05631479024784597,-0.0011061946902654867,3.0608499953569264,0.0011035481923828774,0.0023574348341628424,37
CD276,0.057334404794738635,-0.0011061946902654867,3.037360298842837,0.0011933000086121778,0.002541797995223049,223
MARCO,0.05572564324560999,-0.0011061946902654867,3.0173802930961817,0.001274848608200602,0.002707675574189751,41
CD209,0.05653099955990355,-0.0011061946902654867,3.008890054594149,0.001311019920073755,0.0027764990836044753,100
TGFA,0.0554154611966861,-0.0011061946902654867,2.987476660506416,0.0014064538590007904,0.002970075914279606,118
ITGB8,0.05579080370741552,-0.0011061946902654867,2.9831816831193727,0.0014263430016167506,0.003003470834832986,132
EPHB4,0.056325106181865536,-0.0011061946902654867,2.9809192275958973,0.0014369229093785696,0.0030171287299487343,329
CHRNA10,0.05091667192885025,-0.0011061946902654867,2.9770590764005993,0.0014551396284611408,0.0030466985970905138,14
CX3CL1,0.05476766699449131,-0.0011061946902654867,2.9134712198221875,0.001787173914849136,0.003731295114005137,158
CLDN11,0.05414743717574408,-0.0011061946902654867,2.8920736453951363,0.0019135411309310494,0.003972619192946995,76
EDN1,0.05404200534626054,-0.0011061946902654867,2.8924576942263287,0.0019112032828828035,0.003972619192946995,97
CLSTN2,0.05222963228999409,-0.0011061946902654867,2.8771797817369404,0.002006234604475687,0.004153356470501633,24
VEGFA,0.053967149395982336,-0.0011061946902654867,2.8650963221286605,0.002084412074471818,0.004303114002481036,243
EFNB2,0.053673977100845954,-0.0011061946902654867,2.8586851728485247,0.0021270037270248437,0.004378775829098631,178
CLEC2L,0.03924949563017397,-0.0011061946902654867,2.8493015831891304,0.0021907662907140954,0.004497478429683254,18
IFNGR2,0.05376558123896199,-0.0011061946902654867,2.8481571759930637,0.0021986600648540703,0.004501145743881805,330
TNF,0.04854663735960082,-0.0011061946902654867,2.838189705502655,0.0022685104291775286,0.004631280294470467,29
SIGLEC1,0.05320527086881977,-0.0011061946902654867,2.8352926520718875,0.002289186212230211,0.004660580769098524,110
BOC,0.053286102109921664,-0.0011061946902654867,2.8285574859750233,0.0023379151318990254,0.0047466761768859,223
EFNA1,0.05325585610482661,-0.0011061946902654867,2.822588544179506,0.0023818832744876,0.004822659267300443,291
TEK,0.052115668744308855,-0.0011061946902654867,2.8172891238051077,0.0024215453247725936,0.0048895312448147986,47
CLEC2A,0.04934609089173773,-0.0011061946902654867,2.815927982810447,0.0024318283934441714,0.004896878486252334,52
SEMA3B,0.05240389579573274,-0.0011061946902654867,2.803288315586497,0.002529221333190457,0.005079117500167212,96
TNFSF10,0.052678249318778944,-0.0011061946902654867,2.7899481511841,0.0026358241479031083,0.005278810861425519,361
ROR1,0.051114185578660015,-0.0011061946902654867,2.770468883573958,0.0027987824147875894,0.005589980053383342,48
ALCAM,0.05184053502274702,-0.0011061946902654867,2.768697115534135,0.0028140464674247375,0.005605276341870355,131
CSF1,0.051412794988763194,-0.0011061946902654867,2.7463722560337374,0.0030129173818256583,0.005985229408101106,142
PARD3,0.05168109072053972,-0.0011061946902654867,2.744654952339953,0.0030287275061476543,0.006000462828039842,263
ITGB6,0.050111101781775656,-0.0011061946902654867,2.7434843867385514,0.0030395469513288115,0.0060057536276925845,69
BMP4,0.05088594416786471,-0.0011061946902654867,2.7414789363393557,0.0030581641102885504,0.00602638221733332,83
PLXNC1,0.04908606075303802,-0.0011061946902654867,2.7138948981545683,0.003324862988924568,0.006534464060899751,69
TNFRSF1A,0.05122394358174025,-0.0011061946902654867,2.7117441399951234,0.0033465116479170385,0.006559518841794833,499
FZD4,0.05065729575758182,-0.0011061946902654867,2.6961581625193696,0.0035072176051052745,0.006856284814224369,134
SEMA3G,0.05017303383600282,-0.0011061946902654867,2.6865800004897173,0.003609382953523477,0.007037341896155563,86
SELP,0.050211384527074854,-0.0011061946902654867,2.6810078311101972,0.0036700399103243714,0.007136726685775889,82
SLITRK6,0.04667112632537375,-0.0011061946902654867,2.6468376675792444,0.004062417238276819,0.007878951327921093,28
EBI3,0.047829084997309604,-0.0011061946902654867,2.6458593430707475,0.00407418451974893,0.007881034097257118,20
GLG1,0.0495016839316807,-0.0011061946902654867,2.624025292909625,0.0043448665909714915,0.008382635281534004,431
FZD6,0.048644955217154486,-0.0011061946902654867,2.59218735199088,0.004768391011124151,0.00917572891696736,227
LILRB2,0.046622413852674474,-0.0011061946902654867,2.563022812154304,0.00518826152296593,0.009957679016734089,34
CCL13,0.047418113443885655,-0.0011061946902654867,2.5592346396883587,0.005245145494059575,0.01004070708862833,58
IFNGR1,0.04806533248937052,-0.0011061946902654867,2.5498582013247644,0.005388337047127351,0.01028809431018875,378
LAMB1,0.04778153766620049,-0.0011061946902654867,2.5428780659873365,0.005497179434524689,0.010468788742234357,221
UNC5B,0.046572712816917945,-0.0011061946902654867,2.500600352910932,0.006199150053250044,0.011775189663003305,153
VLDLR,0.046216910308883745,-0.0011061946902654867,2.4851097665512385,0.006475574687179183,0.012268633790362617,122
VCAM1,0.045968596454238446,-0.0011061946902654867,2.476024310418834,0.006642726584056217,0.01255304998063957,67
ICAM2,0.04588727398455667,-0.0011061946902654867,2.447740887428956,0.00718774976390668,0.013548264900253768,153
NRG2,0.04482619040341879,-0.0011061946902654867,2.4391167138870427,0.007361606070524204,0.013840570596878415,63
RYK,0.04524599962839272,-0.0011061946902654867,2.421960935189639,0.007718504955078834,0.014474651785987532,173
NRP2,0.04478903046752982,-0.0011061946902654867,2.4132882351319567,0.00790465588201487,0.014748687050746731,112
SEMA7A,0.044076516596433156,-0.0011061946902654867,2.414087753653154,0.007887331299869802,0.014748687050746731,61
NLGN2,0.04472799346413205,-0.0011061946902654867,2.4004720962802257,0.008186969537691872,0.01523685997292654,106
KLB,0.033601463093303335,-0.0011061946902654867,2.398370248933087,0.00823410488941333,0.01528598313223583,18
ACKR2,0.04057387389417595,-0.0011061946902654867,2.378773118586231,0.008685181790416273,0.016082861757630133,30
ENHO,0.04338669011642192,-0.0011061946902654867,2.3588958526778105,0.009164699540098162,0.01692827960163495,43
IL1RAP,0.04378374822080484,-0.0011061946902654867,2.3540232634023814,0.009285724390525956,0.017108947189544074,161
NPR3,0.04261962908291755,-0.0011061946902654867,2.3361310215358175,0.009742206980924418,0.01790525322928004,83
ITGA6,0.04382435858761845,-0.0011061946902654867,2.3310623605210536,0.00987503582723064,0.018104232349922842,364
RSPO1,0.04258019273059918,-0.0011061946902654867,2.329481891659239,0.009916775608738965,0.018135641746006494,39
NTN4,0.043544939384399704,-0.0011061946902654867,2.3244617211249077,0.010050380435904714,0.018334481141737066,132
IL16,0.04289061459533142,-0.0011061946902654867,2.2932840048868175,0.010915829748048009,0.01986411487484292,143
TENM2,0.04202939195004428,-0.0011061946902654867,2.2609669066464453,0.011880653201415507,0.021566604456756722,141
EFNB3,0.03907091159112892,-0.0011061946902654867,2.2095458401404113,0.013568348831076915,0.024569712748166307,27
IL11,0.038938021624128315,-0.0011061946902654867,2.2057602285142415,0.013700396180341943,0.024748019570862773,15
PDGFC,0.04055633296737902,-0.0011061946902654867,2.1954926661197502,0.014064138203502658,0.025342958083084254,75
LAMC2,0.040413559350318096,-0.0011061946902654867,2.1787002771912496,0.01467697058118077,0.026382749556902993,118
EDA,0.038910183851498706,-0.0011061946902654867,2.1769565278491148,0.014741905565877487,0.026434998545137974,31
PLAU,0.0402368247621191,-0.0011061946902654867,2.1576220465257374,0.015478614589292668,0.02768868677744829,178
IFNAR1,0.03996484142639607,-0.0011061946902654867,2.1380774999866694,0.01625522686732833,0.02900751138310164,240
WNT2B,0.036895392346041965,-0.0011061946902654867,2.104712559384017,0.01765816827841311,0.03143495174200595,62
FST,0.03900290166665874,-0.0011061946902654867,2.102719163192064,0.017745162953741043,0.03151369902869192,82
TMEM219,0.039166222934232636,-0.0011061946902654867,2.0882063167003504,0.018389613881230688,0.03257967651554571,411
BAMBI,0.03798474523850146,-0.0011061946902654867,2.067770126568321,0.01933082202875817,0.03416502598368051,50
PGF,0.03823191646246845,-0.0011061946902654867,2.0477937283945495,0.020290107569918944,0.035774663346962346,218
NOTCH2,0.03804379350155372,-0.0011061946902654867,2.030037013470409,0.021176388544369942,0.03724820610310417,422
FLT1,0.03719817549462325,-0.0011061946902654867,2.021605200519803,0.021608577188905576,0.037917908067198594,63
ACVR2A,0.03742657516276697,-0.0011061946902654867,2.0143854942869477,0.02198453805985076,0.03848599655608079,170
IL1R1,0.03734111497535802,-0.0011061946902654867,1.9984114776642359,0.02283603415363272,0.03988188903134434,276
CSF2RA,0.03612291785700154,-0.0011061946902654867,1.976673386309689,0.024039280483131812,0.041884041881957795,66
EPGN,0.031231312887573564,-0.0011061946902654867,1.9641621511436769,0.024755645264280732,0.04303044943343137,28
IL1B,0.02626016270532456,-0.0011061946902654867,1.9360546216510863,0.026430505737305935,0.045833606419751705,15
GFRA3,0.03504874908159965,-0.0011061946902654867,1.9304693911434727,0.026774352126819886,0.046320886191235346,28
ACKR4,0.0349018351965685,-0.0011061946902654867,1.9283390968858436,0.026906480901327415,0.04644046001001945,64
NFASC,0.03526565807410855,-0.0011061946902654867,1.917097986433469,0.027612742202417575,0.04754810982051811,123
HLA-DOA,0.035181842357953956,-0.0011061946902654867,1.9097157341833897,0.028084911997819227,0.048248438560356106,83
ITGA1,0.03546153451401717,-0.0011061946902654867,1.9041912253205289,0.028442642051291017,0.04874936556232902,142
ADGRA2,0.035092625216208005,-0.0011061946902654867,1.8823211958910542,0.02989620916056521,0.05112182401702218,195
LPAR3,0.03303003684839303,-0.0011061946902654867,1.8766326139250356,0.0302842320938404,0.05166546077120457,66
MMP14,0.03500257970641669,-0.0011061946902654867,1.8719458853108817,0.030607045273752066,0.05209559438049717,424
VEGFC,0.03369165222467657,-0.0011061946902654867,1.8660622799214646,0.03101632626769135,0.05267058170342978,33
FGFR2,0.03453885700445413,-0.0011061946902654867,1.855103749052572,0.03179070627180989,0.05386149545361814,233
KITLG,0.03435747668103304,-0.0011061946902654867,1.8539400000353246,0.031873872212472766,0.053878540872918414,142
LPAR1,0.03410050426474139,-0.0011061946902654867,1.8369707904880324,0.0331071037874272,0.05583509265751452,120
NECTIN2,0.03429345566363411,-0.0011061946902654867,1.8358023594052508,0.033193446201381746,0.05585289920186837,392
DKK2,0.03358236633825318,-0.0011061946902654867,1.8340891260860583,0.033320382644199086,0.055938774507459516,48
ANGPT2,0.03316094432859321,-0.0011061946902654867,1.8314559652867375,0.033516257266930055,0.05613973092210785,39
ITGAE,0.03350387962202521,-0.0011061946902654867,1.8048298628182111,0.0355506549029065,0.0594123189647213,198
BCR,0.033253928583121525,-0.0011061946902654867,1.783085267469655,0.037286212133209234,0.06217180620401631,333
BMPR2,0.0331561753374939,-0.0011061946902654867,1.7808841926583858,0.03746568574497756,0.06233004603622677,280
LRFN4,0.032678673027567696,-0.0011061946902654867,1.7647122058201352,0.03880607307883689,0.06441458526824953,150
IL17B,0.03168956651317723,-0.0011061946902654867,1.7527117929957536,0.03982574520299835,0.06595859374069614,25
ICOSLG,0.03157876568335157,-0.0011061946902654867,1.7480009738591429,0.04023192939304734,0.06648191023021499,61
SEMA4C,0.03208605910695114,-0.0011061946902654867,1.7311367415906194,0.041713689311867065,0.06877626179607613,204
CCL14,0.03102393725523838,-0.0011061946902654867,1.7140940069628947,0.04325573114490584,0.07115953985222233,33
LILRB4,0.03011979599024559,-0.0011061946902654867,1.7071315570456282,0.04389880141522893,0.07205660722276998,21
ROR2,0.03064136485240137,-0.0011061946902654867,1.7022055711684791,0.044358419387195085,0.07232777674416543,32
CCL20,0.029671983140605096,-0.0011061946902654867,1.7040438224920842,0.044186450271799495,0.07232777674416543,25
TENM3,0.029126701041590847,-0.0011061946902654867,1.70264460286803,0.04431729885709518,0.07232777674416543,21
PTPRB,0.03140722685080023,-0.0011061946902654867,1.6985260460518754,0.04470426053891848,0.07273077266486296,105
VEGFB,0.03143517685474291,-0.0011061946902654867,1.686975478780425,0.045804033560818615,0.07435588708000732,456
GJC1,0.030281396082383193,-0.0011061946902654867,1.6564637057159275,0.04881397460022634,0.07906791050630069,65
ITGAV,0.030646401488442384,-0.0011061946902654867,1.6470075041051422,0.049778251710336015,0.08045300769850361,389
IL4R,0.030251334395513245,-0.0011061946902654867,1.6306351069291711,0.05148366840474684,0.08302727267898997,276
IL6R,0.02987680187252427,-0.0011061946902654867,1.6262075652078307,0.05195275368441654,0.08360082852710696,147
KDR,0.02988233018034197,-0.0011061946902654867,1.6206632748647842,0.052544936969562396,0.0843695393171405,107
NPR1,0.029210943039467658,-0.0011061946902654867,1.5895436371660674,0.055968855194000515,0.08967183973473561,71
NCAM1,0.02740910760721353,-0.0011061946902654867,1.5824285371218592,0.05677588717772355,0.09076752462035195,15
FLRT2,0.028996633312495072,-0.0011061946902654867,1.5801966166268404,0.057030923186917985,0.09097790127436918,104
CD226,0.026626658240467907,-0.0011061946902654867,1.5774524746910754,0.05734572465356963,0.0911317545730791,15
NOTUM,0.023447086243231344,-0.0011061946902654867,1.5772007246029442,0.05737467316405522,0.0911317545730791,10
PTH1R,0.029003710696917945,-0.0011061946902654867,1.570645408124993,0.05813251816295273,0.09213691588407777,108
EPHB1,0.027899822722028282,-0.0011061946902654867,1.5678698281549084,0.058455757232485785,0.0924504143354979,24
JAM3,0.028500562136161693,-0.0011061946902654867,1.5420453242018686,0.06153128998670667,0.09710612573919233,159
RAET1L,0.024399720685303782,-0.0011061946902654867,1.532032259180004,0.06275723719626095,0.09882923891804342,27
RELN,0.027552879783333973,-0.0011061946902654867,1.527565921175125,0.06331017419362582,0.09948741658998343,29
PTCH2,0.027389314222031023,-0.0011061946902654867,1.5095889084538108,0.06557417664181171,0.10282588975535155,40
CADM3,0.027123553612275135,-0.0011061946902654867,1.4988263663705153,0.0669593413180463,0.10477502027898115,40
RAET1G,0.025922891119237634,-0.0011061946902654867,1.4486592051622966,0.07371638918258881,0.11510376870247448,89
KLK1,0.026265972480492842,-0.0011061946902654867,1.4379334661679948,0.07522646652334444,0.11721333155962972,135
TNFSF9,0.024324925286499016,-0.0011061946902654867,1.4211613465806805,0.07763492947475648,0.12071085025927325,51
CLEC2D,0.025867302033296923,-0.0011061946902654867,1.4192515634942127,0.0779128439382799,0.12088792838423638,96
ENTPD1,0.025584518998657112,-0.0011061946902654867,1.3945295386708405,0.0815788779735076,0.12604535234061867,104
ITGAX,0.025028036456816574,-0.0011061946902654867,1.3956099767242172,0.08141598823170593,0.12604535234061867,40
CDH11,0.025668095170669505,-0.0011061946902654867,1.390441070449978,0.08219749112483798,0.12673546225733387,229
FGF2,0.024994921444447045,-0.0011061946902654867,1.3842328287113324,0.08314358712777808,0.12792656307551659,43
FPR1,0.024675734126512243,-0.0011061946902654867,1.3767684116568601,0.08429193000391927,0.1294232341935177,38
FAS,0.02467979603170153,-0.0011061946902654867,1.356854123146581,0.08741378314641035,0.1339375429914853,123
CTF1,0.02135086631848548,-0.0011061946902654867,1.3549050880569644,0.08772389918650053,0.13413384585155788,12
CMKLR1,0.02455998946838624,-0.0011061946902654867,1.3503177104522228,0.08845704690486844,0.1349748314055653,63
CXCR4,0.024517221210933225,-0.0011061946902654867,1.3418487403610042,0.0898225224801501,0.1367752046856831,123
CCR1,0.02249564774700982,-0.0011061946902654867,1.3333350453667006,0.09121093893546789,0.13860301442358727,18
EPB41L1,0.02435574047430742,-0.0011061946902654867,1.3315051283148291,0.09151142934818446,0.13877350499920152,150
IL17RA,0.02399734205741562,-0.0011061946902654867,1.3086905836022185,0.09531959134217288,0.14395602217045372,205
RSPO4,0.022292797122844956,-0.0011061946902654867,1.3092381470775591,0.09522684706364926,0.14395602217045372,26
AREG,0.022079781323173172,-0.0011061946902654867,1.304180556503729,0.09608601382162896,0.1448167529377107,37
SEMA3E,0.02301297008741202,-0.0011061946902654867,1.287707805115929,0.09892384778941565,0.14878954249142723,30
TLR4,0.023386198213849005,-0.0011061946902654867,1.2842226899836173,0.09953202411423784,0.14923949494448863,68
RNF43,0.02273595967638292,-0.0011061946902654867,1.283674164446993,0.09962799391138183,0.14923949494448863,80
PILRB,0.02328679431943548,-0.0011061946902654867,1.2701847445864851,0.10200941521463153,0.1523803493629585,206
OSMR,0.02321780969349412,-0.0011061946902654867,1.268302284585002,0.10234501076616614,0.1523803493629585,192
ITGB7,0.02293045361571496,-0.0011061946902654867,1.2683713003914971,0.10233269281164331,0.1523803493629585,119
CD55,0.02317412409486231,-0.0011061946902654867,1.2615347667200507,0.10355812106429196,0.15387567585561127,270
ADORA2B,0.021712697541404157,-0.0011061946902654867,1.2545554419285265,0.1048200937049159,0.15543744277771232,68
EFNA4,0.022805494078943337,-0.0011061946902654867,1.2479126427265466,0.10603152510238845,0.15691814056317327,187
AGTR1,0.022040043059534265,-0.0011061946902654867,1.2439212239174502,0.10676427861182308,0.15768591851084893,25
L1CAM,0.022181463926725514,-0.0011061946902654867,1.2414158289687716,0.10722608731412925,0.1580512527010265,46
CD46,0.021896735835945248,-0.0011061946902654867,1.1930895010206384,0.1164171614338842,0.17121799952772537,399
CADM4,0.02173773387713578,-0.0011061946902654867,1.1920369105037136,0.11662338638116437,0.17121799952772537,164
LAMA1,0.02034284388257727,-0.0011061946902654867,1.1828998815487812,0.11842441430459666,0.1735164877584249,16
CD8A,0.019769532332466318,-0.0011061946902654867,1.1740237687911885,0.12019275264508866,0.17575805297506022,28
TNFRSF10A,0.018413796299093513,-0.0011061946902654867,1.1549995552732857,0.12404530429259086,0.1810324539874049,30
NLGN1,0.017706768349317788,-0.0011061946902654867,1.1297196884819118,0.12929717918038308,0.188324152284471,10
CCL2,0.020551826287879743,-0.0011061946902654867,1.1280761866401636,0.12964387255223675,0.18845667469624947,165
GREM1,0.019941468280070315,-0.0011061946902654867,1.107370353185408,0.13406691915802538,0.19450259728241084,63
ITGAM,0.01951329883164141,-0.0011061946902654867,1.093290692519832,0.13713309406938934,0.19856009887846748,64
IL2RG,0.01914091738499281,-0.0011061946902654867,1.0899137408661301,0.13787557156555758,0.19924371812512928,35
INHBA,0.018880271454756282,-0.0011061946902654867,1.0647719430743117,0.1434895723077001,0.20695071387627195,41
CCL23,0.017807399235523182,-0.0011061946902654867,1.053465153192999,0.14606392851284256,0.21025217834758783,13
TNFRSF13C,0.017772782542052588,-0.0011061946902654867,1.0343903340000473,0.15047686068103566,0.21618215657294987,47
CD86,0.017677611720104725,-0.0011061946902654867,1.031907508935368,0.15105772399368816,0.21659444082363458,34
CCR6,0.0178010945442947,-0.0011061946902654867,1.0210520189599255,0.15361489690793623,0.2198333573226194,36
FLT3LG,0.018145771310107563,-0.0011061946902654867,1.0190604517425261,0.15408713404386482,0.220081817423117,46
TGFBR1,0.01810666162114281,-0.0011061946902654867,1.001390184978182,0.15831910368303337,0.22568893503751564,192
IFNAR2,0.017784640843560365,-0.0011061946902654867,0.9967825776518001,0.1594350283630404,0.22684095734278145,81
CSF2RB,0.0179035543945786,-0.0011061946902654867,0.9939488578231047,0.16012388320003967,0.22738208462125095,116
LEPR,0.0174791015359305,-0.0011061946902654867,0.9881284127044012,0.16154488113091808,0.22895880267978197,55
CD40,0.01746343419321054,-0.0011061946902654867,0.9738496280580805,0.1650656037648025,0.23349971204349224,116
HAVCR2,0.01692326210747482,-0.0011061946902654867,0.9725274952058184,0.16539409658568577,0.2335161861755755,31
PLAUR,0.01724370334305136,-0.0011061946902654867,0.9708875257389025,0.1658021453226038,0.233644705741413,61
GDF7,0.012833040700429652,-0.0011061946902654867,0.9663183703571674,0.16694244824370058,0.234802641900014,16
GFRA1,0.01718908656377207,-0.0011061946902654867,0.9624518539844913,0.1679113384695557,0.23566758693329679,71
ITGA9,0.017157539135813415,-0.0011061946902654867,0.961314824803609,0.16819694806908292,0.23566758693329679,60
ACVR2B,0.01618491153010064,-0.0011061946902654867,0.9574830201782685,0.16916175636511438,0.23656966687113717,17
PTCH1,0.016930094688452968,-0.0011061946902654867,0.9543111147059413,0.16996309178474756,0.23724014894954346,60
CCL4,0.015706714048287825,-0.0011061946902654867,0.9510728184923061,0.1707837059527722,0.2379349551742781,23
PLXNA1,0.016984144719703095,-0.0011061946902654867,0.9426938667721725,0.17291875569656834,0.2404549489591903,222
ZNRF3,0.016035035824975077,-0.0011061946902654867,0.9182539755080523,0.17924295827655434,0.24877977448177127,79
CD99L2,0.016333407677057862,-0.0011061946902654867,0.9105411042161945,0.181268607310473,0.2511183526086816,130
ULBP2,0.013888284626266432,-0.0011061946902654867,0.9068135924806905,0.1822526903656672,0.25200794146247046,29
INSR,0.015421566548646244,-0.0011061946902654867,0.8623745719113086,0.1942407143257983,0.26808128550208493,157
GPR37,0.013705129433166948,-0.0011061946902654867,0.8372887589961235,0.20121513813902897,0.2771879566513352,35
SPN,0.014212633131489393,-0.0011061946902654867,0.8159828334061531,0.20725497703068219,0.28497559341718803,56
LAIR1,0.0142800769541394,-0.0011061946902654867,0.8132694100560525,0.20803180572077457,0.2855110629724597,55
LRP6,0.014277373018913884,-0.0011061946902654867,0.8045725964974297,0.21053318047814007,0.2884069777181956,131
CCR10,0.013361187954840191,-0.0011061946902654867,0.7880930467380128,0.2153211410323238,0.2944187030441978,22
GJA3,0.013053204181379839,-0.0011061946902654867,0.7773950104587409,0.21846287765631428,0.2981613719124141,14
SMO,0.013602555146881563,-0.0011061946902654867,0.7737280976697803,0.21954580024578452,0.29908549867124434,133
PTPRM,0.013339386198103438,-0.0011061946902654867,0.7534125571237582,0.22560101964825552,0.30676743815639174,149
HLA-DOB,0.012538213434424569,-0.0011061946902654867,0.7437883016264805,0.22850227927001143,0.3101402943314888,26
LRP5,0.013070775841410644,-0.0011061946902654867,0.7420834484558272,0.22901838870402313,0.31026939793173725,136
WNT5B,0.012867162020145121,-0.0011061946902654867,0.7387095631930229,0.23004168874263897,0.3110838983547246,65
CEACAM5,0.011863226522478239,-0.0011061946902654867,0.7331124442261868,0.23174492540654285,0.31281320517330047,19
PVR,0.012610019274561058,-0.0011061946902654867,0.731654957778787,0.23218959748255114,0.3128404631529071,69
SEMA5A,0.012858681483331323,-0.0011061946902654867,0.7287816408102439,0.2330676218121338,0.312930995355588,136
PROC,0.012133540687278236,-0.0011061946902654867,0.728656210888102,0.23310599246976638,0.312930995355588,18
WNT3A,0.009984191080029157,-0.0011061946902654867,0.7228401214099082,0.23488905734619808,0.31475133684390544,17
PLXNA2,0.01166739368976669,-0.0011061946902654867,0.6712231556969313,0.2510391897521186,0.3351737008103467,108
GHR,0.011580537989854943,-0.0011061946902654867,0.6719185002934426,0.2508177910158756,0.3351737008103467,68
CNTNAP2,0.008102205340699423,-0.0011061946902654867,0.667127382135887,0.2523453855139361,0.3363084070954266,10
CHRNE,0.010939111327445688,-0.0011061946902654867,0.6605390793978612,0.25445397438082584,0.33850646050301203,36
ADGRG6,0.011018246793092608,-0.0011061946902654867,0.6472891588378977,0.2587224083117383,0.34356471157792995,101
UCN2,0.010789756517733017,-0.0011061946902654867,0.6457783716398735,0.2592114484526261,0.34359503149206017,53
CDON,0.01119573331513925,-0.0011061946902654867,0.64256295937847,0.26025386213407287,0.34363733367866833,130
GPC4,0.010993957864563328,-0.0011061946902654867,0.6413669300696196,0.2606421567522057,0.34363733367866833,54
C3AR1,0.010866525450317036,-0.0011061946902654867,0.641701550860553,0.26053349104138745,0.34363733367866833,33
WNT10B,0.007163978688837103,-0.0011061946902654867,0.6391373343331928,0.26136679713791555,0.34397737409043533,16
CD69,0.010135820374538827,-0.0011061946902654867,0.6272317526028006,0.26525366609723267,0.34847050251989387,11
PLXNA4,0.010645184839365869,-0.0011061946902654867,0.6226405476572636,0.26676037967538235,0.34982633420063486,45
FREM2,0.008481408945281314,-0.0011061946902654867,0.5990166919270126,0.27458087681633836,0.35944246219119247,10
PCDHB11,0.009860160801919763,-0.0011061946902654867,0.5941998458372074,0.27618922793866796,0.3604048758282241,34
RTN4R,0.009474997195660846,-0.0011061946902654867,0.5938862315304037,0.27629410426451373,0.3604048758282241,63
MET,0.009611238102996564,-0.0011061946902654867,0.5829133339543766,0.2799758219677726,0.36456215687323035,56
SEMA4G,0.008837580573984833,-0.0011061946902654867,0.5452376007620279,0.2927950570080027,0.3800651522268833,52
ARTN,0.007653476331714112,-0.0011061946902654867,0.5448941201501428,0.2929131702372723,0.3800651522268833,17
ITGA11,0.009075792695939729,-0.0011061946902654867,0.5364528077859668,0.29582282157360384,0.3831659393668647,61
TGFB2,0.00868862285308386,-0.0011061946902654867,0.519487981799168,0.301710245804709,0.38874204747914426,47
PCDHB7,0.008360729160933604,-0.0011061946902654867,0.5201775896655283,0.3014699017360284,0.38874204747914426,19
SV2A,0.007756842286915316,-0.0011061946902654867,0.5205484602469479,0.30134068052003393,0.38874204747914426,12
COL6A5,0.007865031310713606,-0.0011061946902654867,0.5110099273502156,0.30467205269999015,0.39187312886543235,21
FPR3,0.008186186390747582,-0.0011061946902654867,0.5060316134311588,0.30641722846839337,0.3934311801066305,29
IL33,0.00847001119002011,-0.0011061946902654867,0.4985321889459239,0.30905449359358916,0.39573241394536685,208
WNT6,0.008149633119413408,-0.0011061946902654867,0.49788257093368643,0.30928340628565987,0.39573241394536685,40
NRG1,0.007970908223147744,-0.0011061946902654867,0.49171143333442063,0.3114616772547221,0.3978288667880939,40
ADGRL1,0.008147214059722588,-0.0011061946902654867,0.48276958054588914,0.3146296760229458,0.4011800540292578,196
EDNRA,0.008009389184529207,-0.0011061946902654867,0.4781665690734037,0.3162658273948963,0.4018757151552389,105
IL15RA,0.00799862462359896,-0.0011061946902654867,0.4787507713418049,0.3160579710110081,0.4018757151552389,91
CCL5,0.0077761161825049396,-0.0011061946902654867,0.4717120374179661,0.3185661719492254,0.40410201157758885,56
UCN,0.0065025640683289525,-0.0011061946902654867,0.44881331584633016,0.3267831660738562,0.4138130470729073,18
IL1A,0.004072008441013845,-0.0011061946902654867,0.4299434171762144,0.3336184007883684,0.4217440160909563,14
EPOR,0.006406856349051065,-0.0011061946902654867,0.42323660988698764,0.3360613193046096,0.4241047813827008,26
CHAD,0.00610239375673262,-0.0011061946902654867,0.4032920409446693,0.34336669807451037,0.43258334441181906,16
KL,0.005816786992217598,-0.0011061946902654867,0.3771061997618894,0.35304734201028354,0.44402029191395725,17
LAMA2,0.006063192581433303,-0.0011061946902654867,0.3736493556236417,0.35433260437853953,0.44455955807281167,130
MC1R,0.005968045182927271,-0.0011061946902654867,0.3727089858002053,0.3546825239441157,0.44455955807281167,86
ACVR1,0.005665795816851935,-0.0011061946902654867,0.3562976612117842,0.36080883031956806,0.45147047189392475,130
NTF4,0.005039030610654206,-0.0011061946902654867,0.33655456640819936,0.36822635535684967,0.458985060846921,36
CCR2,0.004960612916583977,-0.0011061946902654867,0.3353442511955638,0.3686827083058035,0.458985060846921,20
CCL8,0.004925102742056482,-0.0011061946902654867,0.3358331189759857,0.36849835692027383,0.458985060846921,21
SEMA6A,0.004390598077649708,-0.0011061946902654867,0.2910154817962545,0.38551973947423357,0.47871471800362786,54
FZD3,0.0043686543097243655,-0.0011061946902654867,0.2902048246399114,0.3858297727193418,0.47871471800362786,75
CXCL16,0.004332052187702036,-0.0011061946902654867,0.28372927693440925,0.3883089283014058,0.4809809750556908,191
CNTFR,0.003902176167831214,-0.0011061946902654867,0.2711324573778668,0.3931445794169233,0.4858025382373728,31
C5,0.002110375876876921,-0.0011061946902654867,0.2701567535560548,0.39351983083814324,0.4858025382373728,10
CSF3R,0.0038531760080762994,-0.0011061946902654867,0.2672818927718577,0.39462606362814956,0.48635352657850534,26
PDGFA,0.0038951080575407747,-0.0011061946902654867,0.2610854588618042,0.39701330251856337,0.48847880460130416,145
TNFRSF11B,0.0033327585028220005,-0.0011061946902654867,0.2512104313641396,0.40082571002366973,0.49234758047907434,17
DLL1,0.003567115900871428,-0.0011061946902654867,0.24547189559287838,0.40304553332392967,0.494250512578596,108
SEMA3D,0.003095064571177366,-0.0011061946902654867,0.22905069216549118,0.4094147583011605,0.5003958157014184,14
IL12RB1,0.003046098234718429,-0.0011061946902654867,0.2302436987445275,0.40895120358397796,0.5003958157014184,14
PODXL,0.002870813666343339,-0.0011061946902654867,0.20726580336151038,0.4179011396011789,0.5099224170299154,148
GNRH1,0.0026486524369517704,-0.0011061946902654867,0.20322035840346922,0.4194814005627358,0.5110046152309691,36
CX3CR1,0.002439139803644942,-0.0011061946902654867,0.1914984549978478,0.42406754543732567,0.5157389125203119,32
IL27RA,0.0020476337336482204,-0.0011061946902654867,0.17365514987767544,0.4310682435416665,0.5225284465299477,34
FRAS1,0.0016639165426161004,-0.0011061946902654867,0.17445933118651466,0.4307522448000234,0.5225284465299477,19
ADGRL2,0.001970677411307157,-0.0011061946902654867,0.16107409269186107,0.4360175224107923,0.5276599573345713,148
NPR2,0.0012792605579680129,-0.0011061946902654867,0.126182047032825,0.44979391108119654,0.542550102237057,46
BDNF,0.001105379753514229,-0.0011061946902654867,0.126272593916286,0.4497580747375504,0.542550102237057,23
LIF,0.000863508848104394,-0.0011061946902654867,0.10794848432212463,0.4570182784349567,0.5503635150434038,20
GHRL,0.0001743856769577146,-0.0011061946902654867,0.07265951700406448,0.4710385320544678,0.5663220197783732,13
PCDHGA2,-4.5387980409322455e-06,-0.0011061946902654867,0.06333872310301879,0.47474839053720264,0.5697693191996083,17
CXCR6,-1.6444033046837904e-05,-0.0011061946902654867,0.0615715674812923,0.4754520099155483,0.5697693191996083,18
NTNG2,-4.593576888856941e-05,-0.0011061946902654867,0.059146120384818014,0.47641786207997894,0.5699999421314034,12
VIPR2,-0.0001747859657137563,-0.0011061946902654867,0.05006021343715593,0.480037202520176,0.5733993812923335,19
DLL4,-0.0003465104544679585,-0.0011061946902654867,0.04122916551188246,0.48355660135922574,0.5766686330125393,32
CHRNA5,-0.0006546516148290128,-0.0011061946902654867,0.031246884221005706,0.4875363249748673,0.5804753982334042,21
FLT3,-0.0007765362360485265,-0.0011061946902654867,0.01828898357718512,0.4927041579150523,0.5856822006183767,17
SEMA5B,-0.0009141751774114996,-0.0011061946902654867,0.010213100657664839,0.49592563316490385,0.5876481232249078,37
CXCL8,-0.0009596939577179002,-0.0011061946902654867,0.010145275321813042,0.4959526901572492,0.5876481232249078,10
SLIT2,-0.0009522616220306054,-0.0011061946902654867,0.008060097881654175,0.49678452098656617,0.5876889116646858,83
GIPR,-0.0010893065064368703,-0.0011061946902654867,0.0011414734301015553,0.4995446180856685,0.5900070248864386,15
FLRT3,-0.0011338153513714467,-0.0011061946902654867,-0.0015074229935608551,0.5006013745388277,0.5903091408561856,64
IL7,-0.0011854381969610645,-0.0011061946902654867,-0.004599447087560973,0.5018349074401437,0.5908184133919903,21
CD8B,-0.0013517101025332624,-0.0011061946902654867,-0.014276469635636306,0.5056952938850242,0.5934993718520791,13
EDNRB,-0.0013803466057394744,-0.0011061946902654867,-0.014345090695892205,0.5057226669241597,0.5934993718520791,129
APELA,-0.0015594004753160808,-0.0011061946902654867,-0.025350847901036824,0.5101124419072454,0.597699315875421,13
NPNT,-0.00175698625782004,-0.0011061946902654867,-0.03438275718077362,0.5137140334406896,0.6009638772155368,62
NPB,-0.0019111998694881739,-0.0011061946902654867,-0.043702023711639316,0.5174290369644414,0.6043505550598943,24
TSLP,-0.002038545217790398,-0.0011061946902654867,-0.0575162701532046,0.5229330270725532,0.6059774228812448,22
NECTIN3,-0.002057879364655169,-0.0011061946902654867,-0.05496971814740706,0.5219187056397167,0.6059774228812448,14
INHA,-0.0020583416794578186,-0.0011061946902654867,-0.056205891106594554,0.5224111059203078,0.6059774228812448,27
TNFRSF8,-0.0020708708170387863,-0.0011061946902654867,-0.055807907862124,0.522252582399448,0.6059774228812448,13
SFTPD,-0.002131105940084549,-0.0011061946902654867,-0.0568296942768031,0.5226595702285557,0.6059774228812448,52
IGF1,-0.0022556971101290522,-0.0011061946902654867,-0.06014011154332488,0.5239779783149445,0.60623511776784,86
BMP2,-0.002310669887197116,-0.0011061946902654867,-0.06454140364446775,0.5257304297626081,0.6063588837794087,75
NMB,-0.0023158111845305892,-0.0011061946902654867,-0.06347442255914632,0.5253056369980247,0.6063588837794087,136
CD200,-0.0023274524884662915,-0.0011061946902654867,-0.06754340896865708,0.5269254472271707,0.6067875853225388,29
EPHA3,-0.0024148498776878553,-0.0011061946902654867,-0.07039720507074525,0.528061242119069,0.6071468571634226,21
COL4A5,-0.0025284096460488747,-0.0011061946902654867,-0.07478081110866792,0.5298054452106391,0.6082034472277897,111
NCAM2,-0.0026571292001716504,-0.0011061946902654867,-0.09388949361740075,0.5374015300760239,0.6152631617015015,14
OXT,-0.0027977679057954938,-0.0011061946902654867,-0.09445163037211625,0.5376247980132524,0.6152631617015015,14
ITGA10,-0.00292882444747795,-0.0011061946902654867,-0.10478299921461033,0.5417259997799029,0.6189954447097494,20
LRP8,-0.003334497806387202,-0.0011061946902654867,-0.1175956413462281,0.5468059706573347,0.623832817917114,95
PTPRS,-0.003490604991752829,-0.0011061946902654867,-0.13282501834061325,0.5528341160538852,0.6297353068496343,21
IGF2R,-0.003720386035218621,-0.0011061946902654867,-0.13609617203558347,0.5541273731769665,0.6302343735052843,233
FCER2,-0.003674189116219411,-0.0011061946902654867,-0.14342666073860763,0.5570233857906774,0.6325519804741592,12
PSPN,-0.0036963722060678393,-0.0011061946902654867,-0.14635154653068833,0.5581780621844042,0.6328880489690861,21
IL18R1,-0.00390903842245711,-0.0011061946902654867,-0.15243276250971424,0.560577190872761,0.6346319349819123,30
PCDHGB6,-0.0032136748060126647,-0.0011061946902654867,-0.16159079283866787,0.5641859458643929,0.6357875261499351,12
COL6A6,-0.003994308995951924,-0.0011061946902654867,-0.1615256479354915,0.5641602937755232,0.6357875261499351,14
FZD5,-0.004089960652002835,-0.0011061946902654867,-0.16077487593989032,0.5638646430592229,0.6357875261499351,67
FGF1,-0.004336503774784549,-0.0011061946902654867,-0.1730247690108403,0.5686840208041282,0.6398780508895304,29
RET,-0.004089794124566971,-0.0011061946902654867,-0.1863032300978305,0.5738965127207433,0.6437773666289007,13
F2R,-0.004666337021852381,-0.0011061946902654867,-0.18541289830092647,0.573547403780337,0.6437773666289007,187
SLITRK4,-0.00456894182714336,-0.0011061946902654867,-0.19004690741735578,0.5753638132591028,0.6444424473737975,28
MICB,-0.00492214649608511,-0.0011061946902654867,-0.2092455217477867,0.5828717111746877,0.6518610791134216,25
TENM1,-0.0052758690083487625,-0.0011061946902654867,-0.23256056797561667,0.5919486750160756,0.6610093537679511,20
BTC,-0.004795240261169641,-0.0011061946902654867,-0.2360869507608565,0.593317400227229,0.6615354371671222,12
PCDHGA6,-0.00534617742835242,-0.0011061946902654867,-0.25165085385069363,0.5993445262365359,0.666858058543154,17
MERTK,-0.005743626489379991,-0.0011061946902654867,-0.25309035580589995,0.5999008043610734,0.666858058543154,17
PCDHB16,-0.006204379993397509,-0.0011061946902654867,-0.2716321420306398,0.6070475587025881,0.6737862210298304,40
CD96,-0.005840815098235363,-0.0011061946902654867,-0.2806223632665253,0.6104999692048039,0.6765992139908878,11
CD28,-0.00630121303857663,-0.0011061946902654867,-0.2847795927399874,0.6120934961165823,0.6773467066635452,16
NLGN3,-0.0058309197810004175,-0.0011061946902654867,-0.29206683577273684,0.6148822385475288,0.6773814795359173,12
CD177,-0.005984064480443829,-0.0011061946902654867,-0.2908103816578526,0.6144018275351011,0.6773814795359173,14
PTPRD,-0.006117907130031799,-0.0011061946902654867,-0.2886313193521966,0.6135682371571433,0.6773814795359173,25
AMH,-0.006272166306701548,-0.0011061946902654867,-0.2949608795295926,0.6159881177793796,0.6775869295573175,22
PDCD1LG2,-0.006596032181367369,-0.0011061946902654867,-0.30125319441623644,0.6183892853106783,0.6792144609150073,21
FREM1,-0.0069077674619858875,-0.0011061946902654867,-0.3200196141983871,0.6255232690799233,0.6860277519522373,21
PCDHB2,-0.006618568657276788,-0.0011061946902654867,-0.3298550749754155,0.6292452648592073,0.6890843390805881,11
SEMA6D,-0.0073388786939430125,-0.0011061946902654867,-0.3359471269431797,0.6315446309810948,0.6905762507909003,32
ADCYAP1,-0.006924165515616019,-0.0011061946902654867,-0.3559050291006269,0.6390441552943196,0.6977415443732052,10
IL2RB,-0.007787777077305163,-0.0011061946902654867,-0.3645506621697775,0.6422765751952703,0.7000351607107571,30
ROBO2,-0.007788408695371254,-0.0011061946902654867,-0.36660861632686786,0.643044509906625,0.7000351607107571,23
PCDHGA10,-0.007219942134969493,-0.0011061946902654867,-0.3861005511132864,0.6502888991478383,0.7057745060892792,12
PCDHB13,-0.007629951150152175,-0.0011061946902654867,-0.3852296605376459,0.6499663650078036,0.7057745060892792,12
CLCF1,-0.007711891218423756,-0.0011061946902654867,-0.38868304892079786,0.6512446883407847,0.7057745060892792,14
HGF,-0.008206220690828306,-0.0011061946902654867,-0.39112379952860693,0.6521471352059689,0.7057745060892792,15
NTF3,-0.008037355186698594,-0.0011061946902654867,-0.3995677200923996,0.6552625320688397,0.7081062846550364,10
LILRB3,-0.00835325681764424,-0.0011061946902654867,-0.40283531183506144,0.6564653090193626,0.7083673978730165,17
HLA-DQA2,-0.008163507689292755,-0.0011061946902654867,-0.4065282532217601,0.6578227490334635,0.7087943947919044,15
BMP6,-0.008388894937343884,-0.0011061946902654867,-0.41173387800510164,0.6597327545730314,0.7098146571099623,10
CHRNB1,-0.008842501802003423,-0.0011061946902654867,-0.41981240114823515,0.6626887475945951,0.7119556953020649,57
PRLR,-0.008544812283012498,-0.0011061946902654867,-0.4308302912032175,0.666704113670448,0.7152269749273947,40
FZD9,-0.008535552611920877,-0.0011061946902654867,-0.451235059122827,0.6740899279999477,0.720417376545681,22
CXCL3,-0.008635896734332725,-0.0011061946902654867,-0.45132922407502124,0.6741238573945404,0.720417376545681,11
TNFSF15,-0.009236962649098094,-0.0011061946902654867,-0.45230367175475916,0.6744748844186159,0.720417376545681,15
CD244,-0.00931422634797962,-0.0011061946902654867,-0.4587411737202228,0.6767899785098244,0.7218440147058475,13
SEMA3A,-0.00952765741895975,-0.0011061946902654867,-0.4648970656593718,0.6789974140153854,0.7231518701291026,18
CD72,-0.009012445330090565,-0.0011061946902654867,-0.4737078360056676,0.6821458676591432,0.7231587166574188,13
OPRL1,-0.009019228054523529,-0.0011061946902654867,-0.46927001306239546,0.6805616766800349,0.7231587166574188,12
ADGRB2,-0.009121081222536255,-0.0011061946902654867,-0.47360438468827704,0.6821089759238677,0.7231587166574188,16
FGFR4,-0.009631751907229969,-0.0011061946902654867,-0.4770646119480561,0.6833419434751056,0.7231587166574188,23
ANGPT1,-0.009937333558650448,-0.0011061946902654867,-0.4786605701671656,0.6839099396339496,0.7231587166574188,24
NOTCH4,-0.010315070539726186,-0.0011061946902654867,-0.482599289718966,0.6853098582290571,0.7236008101931448,89
MSTN,-0.009861461927456005,-0.0011061946902654867,-0.48719809564381017,0.6869410226198024,0.7242854558952709,10
GCGR,-0.010019879570814632,-0.0011061946902654867,-0.5028533159273876,0.6924662972801781,0.7290680872792732,21
COL4A6,-0.010701779500829288,-0.0011061946902654867,-0.5128516961092648,0.6959724676878518,0.7317142777260296,76
PCDHB10,-0.009668384590598642,-0.0011061946902654867,-0.5283145650129178,0.7013594879321683,0.7342357139289887,13
EDN2,-0.010362640631742226,-0.0011061946902654867,-0.5262330241118849,0.7006368442809302,0.7342357139289887,14
C5AR1,-0.010529350674529434,-0.0011061946902654867,-0.5278641732911464,0.7012031937574705,0.7342357139289887,13
CCR5,-0.010774132562676415,-0.0011061946902654867,-0.5319623378144475,0.7026239597116466,0.7345161110744447,21
BMPR1B,-0.010441813108945763,-0.0011061946902654867,-0.5373646233802963,0.7044921126264018,0.7354259022743033,13
CD40LG,-0.01078702889860282,-0.0011061946902654867,-0.5425728507693245,0.7062880320653077,0.7362578212618553,11
ENPP1,-0.011162883832575108,-0.0011061946902654867,-0.548470524109945,0.7083155683784921,0.7373284942019048,23
CHRNB2,-0.010878321822789527,-0.0011061946902654867,-0.5569810157499248,0.7112298000149052,0.7386151878549134,13
PILRA,-0.011290404957001848,-0.0011061946902654867,-0.5579361735557673,0.7115560154368907,0.7386151878549134,25
NRXN3,-0.011312604600581238,-0.0011061946902654867,-0.5633746963160443,0.7134101180935797,0.7394982518072689,13
TIE1,-0.012416724955361107,-0.0011061946902654867,-0.5926662865068255,0.7232977459856712,0.7486944365048309,85
IL13RA2,-0.011866968461033882,-0.0011061946902654867,-0.5976711789741666,0.7249703200741289,0.7493732480990646,13
TREM2,-0.01171720909762444,-0.0011061946902654867,-0.6021157639609522,0.7264514590197313,0.7498525564391344,15
IL15,-0.012342946824540513,-0.0011061946902654867,-0.606027786373311,0.727751848979225,0.750144213563201,36
CALCRL,-0.0136355796228075,-0.0011061946902654867,-0.6603381048201032,0.745481558821913,0.7673462414130586,89
PCDHB15,-0.013217361532502192,-0.0011061946902654867,-0.6656536059630148,0.7471837329802893,0.768025678112236,15
NRXN2,-0.014054821118380464,-0.0011061946902654867,-0.7070727081536149,0.7602393524048603,0.779468896406959,16
F2RL2,-0.01443638799928087,-0.0011061946902654867,-0.7145192201825072,0.762546912224447,0.779468896406959,42
MICA,-0.014704450770877503,-0.0011061946902654867,-0.7108409960142698,0.7614086135078373,0.779468896406959,139
IGF1R,-0.014788940678534951,-0.0011061946902654867,-0.71222606764737,0.7618376013513835,0.779468896406959,233
IL17RD,-0.01427697164479143,-0.0011061946902654867,-0.7183627490750728,0.7637331754880681,0.7796002082198147,40
GDF11,-0.015417092274074121,-0.0011061946902654867,-0.7860265194023104,0.7840740245626265,0.7992566474448903,27
PROCR,-0.01630832305889892,-0.0011061946902654867,-0.7950531913474658,0.7867087192475238,0.8008347045378799,136
CNTNAP1,-0.015905622912245378,-0.0011061946902654867,-0.8177767305643442,0.7932576563071883,0.8063874382046865,19
TACR1,-0.01675529371886788,-0.0011061946902654867,-0.8309659217502979,0.797003559449191,0.8090793709559969,33
AVPR2,-0.017051728491490198,-0.0011061946902654867,-0.8479745202492005,0.8017739195345512,0.8124933721630446,35
CADM1,-0.01734131564274086,-0.0011061946902654867,-0.8508421285583693,0.8025714720959247,0.8124933721630446,132
PLXNA3,-0.017466723473948086,-0.0011061946902654867,-0.8571471609754957,0.804318219972268,0.8131447573656537,131
SLITRK2,-0.018179640751225776,-0.0011061946902654867,-0.9328300803752416,0.8245461462170465,0.8324527530985797,26
CD200R1,-0.01912846649945254,-0.0011061946902654867,-0.9661750406106109,0.8330216999835647,0.8398590873979305,44
FZD8,-0.01926395575622153,-0.0011061946902654867,-0.9776886770579988,0.8358858381857213,0.841595440905569,38
IL10RB,-0.020855830073959185,-0.0011061946902654867,-1.0303361996392955,0.8485738942316893,0.8532045839682879,171
ADGRE2,-0.022439843096584294,-0.0011061946902654867,-1.1548064642407407,0.8759151553152684,0.8794951900100175,35
PCDHB14,-0.022720009300813825,-0.0011061946902654867,-1.1613458046025036,0.8772493504388397,0.8796364235012583,42
THBS3,-0.031333720830874184,-0.0011061946902654867,-1.5746245189566082,0.9423284300676206,0.9436087676084732,179
PORCN,-0.033670202357206,-0.0011061946902654867,-1.730706310713919,0.9582479204365177,0.9582479204365179,71
